Component Name,Type,Path,Usage Count,File Types,Used By Files
"Modal","local","@/components/Modal.vue",44,"component","components/ActivationModal.vue; components/ActivationModal.vue; components/ApiKeyCreateOrEditModal.vue; components/ApiKeyCreateOrEditModal.vue; components/AskAssistant/Chat/NewAssistantSessionModal.vue; components/AskAssistant/Chat/NewAssistantSessionModal.vue; components/ChangePasswordModal.vue; components/ChangePasswordModal.vue; components/CommunityPackageInstallModal.vue; components/CommunityPackageInstallModal.vue; components/CommunityPackageManageConfirmModal.vue; components/CommunityPackageManageConfirmModal.vue; components/CommunityPlusEnrollmentModal.vue; components/CommunityPlusEnrollmentModal.vue; components/ContactPromptModal.vue; components/ContactPromptModal.vue; components/CredentialEdit/CredentialEdit.vue; components/CredentialEdit/CredentialEdit.vue; components/DebugPaywallModal.vue; components/DebugPaywallModal.vue; components/DeleteUserModal.vue; components/DeleteUserModal.vue; components/DuplicateWorkflowDialog.vue; components/DuplicateWorkflowDialog.vue; components/Folders/DeleteFolderModal.vue; components/Folders/DeleteFolderModal.vue; components/ImportCurlModal.vue; components/ImportCurlModal.vue; components/PersonalizationModal.vue; components/PersonalizationModal.vue; components/Projects/ProjectMoveResourceModal.vue; components/Projects/ProjectMoveResourceModal.vue; components/SettingsLogStreaming/EventDestinationSettingsModal.ee.vue; components/SettingsLogStreaming/EventDestinationSettingsModal.ee.vue; components/SetupWorkflowCredentialsModal/SetupWorkflowCredentialsModal.vue; components/SetupWorkflowCredentialsModal/SetupWorkflowCredentialsModal.vue; components/TagsManager/TagsManager.vue; components/TagsManager/TagsManager.vue; components/WorkflowActivationConflictingWebhookModal.vue; components/WorkflowActivationConflictingWebhookModal.vue; components/WorkflowHistory/WorkflowHistoryVersionRestoreModal.vue; components/WorkflowHistory/WorkflowHistoryVersionRestoreModal.vue; components/WorkflowSettings.vue; components/WorkflowSettings.vue"
"NodeIcon","local","@/components/NodeIcon.vue",28,"view; component","views/SetupWorkflowFromTemplateView/SetupTemplateFormStep.vue; views/SetupWorkflowFromTemplateView/SetupTemplateFormStep.vue; components/CanvasChat/future/components/LogDetailsPanel.vue; components/CanvasChat/future/components/LogDetailsPanel.vue; components/NDVFloatingNodes.vue; components/NDVFloatingNodes.vue; components/NDVSubConnections.vue; components/NDVSubConnections.vue; components/Node/NodeCreator/ItemTypes/ActionItem.vue; components/Node/NodeCreator/ItemTypes/ActionItem.vue; components/Node/NodeCreator/ItemTypes/NodeItem.vue; components/Node/NodeCreator/ItemTypes/NodeItem.vue; components/Node/NodeCreator/Panel/NodesListPanel.vue; components/Node/NodeCreator/Panel/NodesListPanel.vue; components/NodeList.vue; components/NodeList.vue; components/NodeTitle.vue; components/NodeTitle.vue; components/RunDataAi/RunDataAi.vue; components/RunDataAi/RunDataAi.vue; components/RunDataAi/RunDataAiContent.vue; components/RunDataAi/RunDataAiContent.vue; components/TemplateDetails.vue; components/TemplateDetails.vue; components/TriggerPanel.vue; components/TriggerPanel.vue; components/VirtualSchemaHeader.vue; components/VirtualSchemaHeader.vue"
"KeyboardShortcutTooltip","local","@/components/KeyboardShortcutTooltip.vue",16,"view; component","views/NodeView.vue; views/NodeView.vue; components/CanvasChat/future/components/LogDetailsPanel.vue; components/CanvasChat/future/components/LogDetailsPanel.vue; components/CanvasChat/future/components/LogsPanelActions.vue; components/CanvasChat/future/components/LogsPanelActions.vue; components/Node/NodeCreation.vue; components/Node/NodeCreation.vue; components/SaveButton.vue; components/SaveButton.vue; components/canvas/elements/buttons/CanvasControlButtons.vue; components/canvas/elements/buttons/CanvasControlButtons.vue; components/canvas/elements/buttons/CanvasRunWorkflowButton.vue; components/canvas/elements/buttons/CanvasRunWorkflowButton.vue; components/canvas/elements/nodes/render-types/parts/CanvasNodeTrigger.vue; components/canvas/elements/nodes/render-types/parts/CanvasNodeTrigger.vue"
"ParameterInputFull","local","@/components/ParameterInputFull.vue",12,"component","components/AssignmentCollection/Assignment.vue; components/AssignmentCollection/Assignment.vue; components/CredentialEdit/AuthTypeSelector.vue; components/CredentialEdit/AuthTypeSelector.vue; components/FilterConditions/Condition.vue; components/FilterConditions/Condition.vue; components/MultipleParameter.vue; components/MultipleParameter.vue; components/ParameterInputList.vue; components/ParameterInputList.vue; components/ResourceMapper/MappingFields.vue; components/ResourceMapper/MappingFields.vue"
"ProjectSharing","local","@/components/Projects/ProjectSharing.vue",12,"component","components/CredentialEdit/CredentialSharing.ee.vue; components/CredentialEdit/CredentialSharing.ee.vue; components/DeleteUserModal.vue; components/DeleteUserModal.vue; components/Projects/ProjectDeleteDialog.vue; components/Projects/ProjectDeleteDialog.vue; components/Projects/ProjectSharing.test.ts; components/Projects/ProjectSharing.test.ts; components/WorkflowShareModal.ee.vue; components/WorkflowShareModal.ee.vue; components/forms/ResourceFiltersDropdown.vue; components/forms/ResourceFiltersDropdown.vue"
"AuthView","local","@/views/AuthView.vue",10,"view","views/AuthView.test.ts; views/AuthView.test.ts; views/ChangePasswordView.vue; views/ChangePasswordView.vue; views/SamlOnboarding.vue; views/SamlOnboarding.vue; views/SetupView.vue; views/SetupView.vue; views/SignupView.vue; views/SignupView.vue"
"ProjectHeader","local","@/components/Projects/ProjectHeader.vue",10,"view; component","views/CredentialsView.vue; views/CredentialsView.vue; views/ExecutionsView.vue; views/ExecutionsView.vue; views/ProjectSettings.vue; views/ProjectSettings.vue; views/WorkflowsView.vue; views/WorkflowsView.vue; components/Projects/ProjectHeader.test.ts; components/Projects/ProjectHeader.test.ts"
"Draggable","local","@/components/Draggable.vue",10,"view; component","views/WorkflowsView.vue; views/WorkflowsView.vue; components/PanelDragButton.vue; components/PanelDragButton.vue; components/RunDataJson.vue; components/RunDataJson.vue; components/RunDataTable.vue; components/RunDataTable.vue; components/VirtualSchema.vue; components/VirtualSchema.vue"
"ParameterIssues","local","@/components/ParameterIssues.vue",10,"component","components/AssignmentCollection/Assignment.vue; components/AssignmentCollection/Assignment.vue; components/FilterConditions/Condition.vue; components/FilterConditions/Condition.vue; components/ParameterInput.vue; components/ParameterInput.vue; components/ResourceLocator/ResourceLocator.vue; components/ResourceLocator/ResourceLocator.vue; components/WorkflowSelectorParameterInput/WorkflowSelectorParameterInput.vue; components/WorkflowSelectorParameterInput/WorkflowSelectorParameterInput.vue"
"BaseBanner","local","@/components/banners/BaseBanner.vue",10,"component","components/banners/EmailConfirmationBanner.vue; components/banners/EmailConfirmationBanner.vue; components/banners/NonProductionLicenseBanner.vue; components/banners/NonProductionLicenseBanner.vue; components/banners/TrialBanner.vue; components/banners/TrialBanner.vue; components/banners/TrialOverBanner.vue; components/banners/TrialOverBanner.vue; components/banners/V1Banner.vue; components/banners/V1Banner.vue"
"Modal","local","./Modal.vue",9,"component","components/AboutModal.vue; components/ChatEmbedModal.vue; components/CredentialsSelectModal.vue; components/ExternalSecretsProviderModal.ee.vue; components/InviteUsersModal.vue; components/MfaSetupModal.vue; components/SourceControlPullModal.ee.vue; components/SourceControlPushModal.ee.vue; components/WorkflowShareModal.ee.vue"
"CopyInput","local","@/components/CopyInput.vue",8,"view; component","views/SettingsSourceControl.vue; views/SettingsSourceControl.vue; views/SettingsSso.vue; views/SettingsSso.vue; components/CopyInput.test.ts; components/CopyInput.test.ts; components/TriggerPanel.vue; components/TriggerPanel.vue"
"TimeAgo","local","@/components/TimeAgo.vue",8,"component","components/CredentialCard.vue; components/CredentialCard.vue; components/TemplateCard.vue; components/TemplateCard.vue; components/TemplateDetails.vue; components/TemplateDetails.vue; components/WorkflowCard.vue; components/WorkflowCard.vue"
"TitledList","local","@/components/TitledList.vue",8,"component","components/NDVSubConnections.vue; components/NDVSubConnections.vue; components/NodeCredentials.vue; components/NodeCredentials.vue; components/ParameterIssues.vue; components/ParameterIssues.vue; components/canvas/elements/nodes/render-types/parts/CanvasNodeStatusIcons.vue; components/canvas/elements/nodes/render-types/parts/CanvasNodeStatusIcons.vue"
"WorkflowTagsDropdown","local","@/components/WorkflowTagsDropdown.vue",6,"view; component","views/WorkflowsView.vue; views/WorkflowsView.vue; components/DuplicateWorkflowDialog.vue; components/DuplicateWorkflowDialog.vue; components/MainHeader/WorkflowDetails.vue; components/MainHeader/WorkflowDetails.vue"
"LogsPanel","local","@/components/CanvasChat/future/LogsPanel.vue",6,"component","components/CanvasChat/CanvasChatSwitch.vue; components/CanvasChat/CanvasChatSwitch.vue; components/CanvasChat/future/LogsPanel.test.ts; components/CanvasChat/future/LogsPanel.test.ts; components/CanvasChat/future/components/DemoFooter.vue; components/CanvasChat/future/components/DemoFooter.vue"
"LogsPanelHeader","local","@/components/CanvasChat/future/components/LogsPanelHeader.vue",6,"component","components/CanvasChat/components/ChatMessagesPanel.vue; components/CanvasChat/components/ChatMessagesPanel.vue; components/CanvasChat/future/components/LogDetailsPanel.vue; components/CanvasChat/future/components/LogDetailsPanel.vue; components/CanvasChat/future/components/LogsOverviewPanel.vue; components/CanvasChat/future/components/LogsOverviewPanel.vue"
"HtmlEditor","local","@/components/HtmlEditor/HtmlEditor.vue",6,"component","components/ChatEmbedModal.vue; components/ChatEmbedModal.vue; components/HtmlEditor.test.ts; components/HtmlEditor.test.ts; components/ParameterInput.vue; components/ParameterInput.vue"
"JsEditor","local","@/components/JsEditor/JsEditor.vue",6,"component","components/ChatEmbedModal.vue; components/ChatEmbedModal.vue; components/JsEditor.test.ts; components/JsEditor.test.ts; components/ParameterInput.vue; components/ParameterInput.vue"
"CredentialIcon","local","@/components/CredentialIcon.vue",6,"component","components/CredentialCard.vue; components/CredentialCard.vue; components/CredentialEdit/CredentialEdit.vue; components/CredentialEdit/CredentialEdit.vue; components/CredentialIcon.test.ts; components/CredentialIcon.test.ts"
"ProjectCardBadge","local","@/components/Projects/ProjectCardBadge.vue",6,"component","components/CredentialCard.vue; components/CredentialCard.vue; components/Projects/ProjectCardBadge.test.ts; components/Projects/ProjectCardBadge.test.ts; components/WorkflowCard.vue; components/WorkflowCard.vue"
"SaveButton","local","@/components/SaveButton.vue",6,"component","components/CredentialEdit/CredentialEdit.vue; components/CredentialEdit/CredentialEdit.vue; components/MainHeader/WorkflowDetails.vue; components/MainHeader/WorkflowDetails.vue; components/SettingsLogStreaming/EventDestinationSettingsModal.ee.vue; components/SettingsLogStreaming/EventDestinationSettingsModal.ee.vue"
"DraggableTarget","local","@/components/DraggableTarget.vue",6,"component","components/DropArea/DropArea.vue; components/DropArea/DropArea.vue; components/ParameterInputFull.vue; components/ParameterInputFull.vue; components/ResourceLocator/ResourceLocator.vue; components/ResourceLocator/ResourceLocator.vue"
"ExpressionParameterInput","local","@/components/ExpressionParameterInput.vue",6,"component","components/ExpressionParameterInput.test.ts; components/ExpressionParameterInput.test.ts; components/ParameterInput.vue; components/ParameterInput.vue; components/ResourceLocator/ResourceLocator.vue; components/ResourceLocator/ResourceLocator.vue"
"JsonEditor","local","@/components/JsonEditor/JsonEditor.vue",6,"component","components/JsonEditor.test.ts; components/JsonEditor.test.ts; components/ParameterInput.vue; components/ParameterInput.vue; components/RunData.vue; components/RunData.vue"
"WorkflowActivator","local","@/components/WorkflowActivator.vue",6,"component","components/MainHeader/WorkflowDetails.vue; components/MainHeader/WorkflowDetails.vue; components/WorkflowActivator.test.ts; components/WorkflowActivator.test.ts; components/WorkflowCard.vue; components/WorkflowCard.vue"
"WorkflowPreview","local","@/components/WorkflowPreview.vue",6,"component","components/WorkflowHistory/WorkflowHistoryContent.vue; components/WorkflowHistory/WorkflowHistoryContent.vue; components/WorkflowPreview.test.ts; components/WorkflowPreview.test.ts; components/executions/workflow/WorkflowExecutionsPreview.vue; components/executions/workflow/WorkflowExecutionsPreview.vue"
"WorkflowHistoryListItem","local","@/components/WorkflowHistory/WorkflowHistoryListItem.vue",6,"component","components/WorkflowHistory/WorkflowHistoryContent.vue; components/WorkflowHistory/WorkflowHistoryContent.vue; components/WorkflowHistory/WorkflowHistoryList.vue; components/WorkflowHistory/WorkflowHistoryList.vue; components/WorkflowHistory/WorkflowHistoryListItem.test.ts; components/WorkflowHistory/WorkflowHistoryListItem.test.ts"
"ConcurrentExecutionsHeader","local","@/components/executions/ConcurrentExecutionsHeader.vue",6,"component","components/executions/ConcurrentExecutionsHeader.test.ts; components/executions/ConcurrentExecutionsHeader.test.ts; components/executions/global/GlobalExecutionsList.vue; components/executions/global/GlobalExecutionsList.vue; components/executions/workflow/WorkflowExecutionsSidebar.vue; components/executions/workflow/WorkflowExecutionsSidebar.vue"
"ExecutionsFilter","local","@/components/executions/ExecutionsFilter.vue",6,"component","components/executions/ExecutionsFilter.test.ts; components/executions/ExecutionsFilter.test.ts; components/executions/global/GlobalExecutionsList.vue; components/executions/global/GlobalExecutionsList.vue; components/executions/workflow/WorkflowExecutionsSidebar.vue; components/executions/workflow/WorkflowExecutionsSidebar.vue"
"Logo","local","@/components/Logo/Logo.vue",4,"view","views/AuthView.vue; views/AuthView.vue; views/MfaView.vue; views/MfaView.vue"
"SSOLogin","local","@/components/SSOLogin.vue",4,"view; component","views/AuthView.vue; views/AuthView.vue; components/SSOLogin.test.ts; components/SSOLogin.test.ts"
"CredentialCard","local","@/components/CredentialCard.vue",4,"view; component","views/CredentialsView.vue; views/CredentialsView.vue; components/CredentialCard.test.ts; components/CredentialCard.test.ts"
"WorkflowCanvas","local","@/components/canvas/WorkflowCanvas.vue",4,"view; component","views/NodeView.vue; views/NodeView.vue; components/canvas/WorkflowCanvas.test.ts; components/canvas/WorkflowCanvas.test.ts"
"ProjectDeleteDialog","local","@/components/Projects/ProjectDeleteDialog.vue",4,"view; component","views/ProjectSettings.vue; views/ProjectSettings.vue; components/Projects/ProjectDeleteDialog.test.ts; components/Projects/ProjectDeleteDialog.test.ts"
"TemplateList","local","@/components/TemplateList.vue",4,"view","views/TemplatesCollectionView.vue; views/TemplatesCollectionView.vue; views/TemplatesSearchView.vue; views/TemplatesSearchView.vue"
"WorkflowHistoryList","local","@/components/WorkflowHistory/WorkflowHistoryList.vue",4,"view; component","views/WorkflowHistory.vue; views/WorkflowHistory.vue; components/WorkflowHistory/WorkflowHistoryList.test.ts; components/WorkflowHistory/WorkflowHistoryList.test.ts"
"WorkflowHistoryContent","local","@/components/WorkflowHistory/WorkflowHistoryContent.vue",4,"view; component","views/WorkflowHistory.vue; views/WorkflowHistory.vue; components/WorkflowHistory/WorkflowHistoryContent.test.ts; components/WorkflowHistory/WorkflowHistoryContent.test.ts"
"WorkflowCard","local","@/components/WorkflowCard.vue",4,"view; component","views/WorkflowsView.vue; views/WorkflowsView.vue; components/WorkflowCard.test.ts; components/WorkflowCard.test.ts"
"SlideTransition","local","@/components/transitions/SlideTransition.vue",4,"component","components/AskAssistant/AssistantsHub.vue; components/AskAssistant/AssistantsHub.vue; components/Node/NodeCreator/NodeCreator.vue; components/Node/NodeCreator/NodeCreator.vue"
"InputTriple","local","@/components/InputTriple/InputTriple.vue",4,"component","components/AssignmentCollection/Assignment.vue; components/AssignmentCollection/Assignment.vue; components/FilterConditions/Condition.vue; components/FilterConditions/Condition.vue"
"LogsViewExecutionSummary","local","@/components/CanvasChat/future/components/LogsViewExecutionSummary.vue",4,"component","components/CanvasChat/future/components/LogDetailsPanel.vue; components/CanvasChat/future/components/LogDetailsPanel.vue; components/CanvasChat/future/components/LogsOverviewPanel.vue; components/CanvasChat/future/components/LogsOverviewPanel.vue"
"LogsViewNodeName","local","@/components/CanvasChat/future/components/LogsViewNodeName.vue",4,"component","components/CanvasChat/future/components/LogDetailsPanel.vue; components/CanvasChat/future/components/LogDetailsPanel.vue; components/CanvasChat/future/components/LogsOverviewRow.vue; components/CanvasChat/future/components/LogsOverviewRow.vue"
"LogsViewConsumedTokenCountText","local","@/components/CanvasChat/future/components/LogsViewConsumedTokenCountText.vue",4,"component","components/CanvasChat/future/components/LogsOverviewRow.vue; components/CanvasChat/future/components/LogsOverviewRow.vue; components/CanvasChat/future/components/LogsViewExecutionSummary.vue; components/CanvasChat/future/components/LogsViewExecutionSummary.vue"
"RunData","local","@/components/RunData.vue",4,"component","components/CanvasChat/future/components/LogsViewRunData.vue; components/CanvasChat/future/components/LogsViewRunData.vue; components/RunData.test.ts; components/RunData.test.ts"
"ChangePasswordModal","local","@/components/ChangePasswordModal.vue",4,"component","components/ChangePasswordModal.test.ts; components/ChangePasswordModal.test.ts; components/Modals.vue; components/Modals.vue"
"ChatEmbedModal","local","@/components/ChatEmbedModal.vue",4,"component","components/ChatEmbedModal.test.ts; components/ChatEmbedModal.test.ts; components/Modals.vue; components/Modals.vue"
"CollaborationPane","local","@/components/MainHeader/CollaborationPane.vue",4,"component","components/CollaborationPane.test.ts; components/CollaborationPane.test.ts; components/MainHeader/WorkflowDetails.vue; components/MainHeader/WorkflowDetails.vue"
"CommunityPlusEnrollmentModal","local","@/components/CommunityPlusEnrollmentModal.vue",4,"component","components/CommunityPlusEnrollmentModal.test.ts; components/CommunityPlusEnrollmentModal.test.ts; components/Modals.vue; components/Modals.vue"
"CredentialEdit","local","@/components/CredentialEdit/CredentialEdit.vue",4,"component","components/CredentialEdit/__tests__/CredentialEdit.test.ts; components/CredentialEdit/__tests__/CredentialEdit.test.ts; components/Modals.vue; components/Modals.vue"
"NodeCredentials","local","@/components/NodeCredentials.vue",4,"component","components/CredentialsSelect.vue; components/CredentialsSelect.vue; components/NodeSettings.vue; components/NodeSettings.vue"
"NodeErrorView","local","@/components/Error/NodeErrorView.vue",4,"component","components/Error/NodeErrorView.test.ts; components/Error/NodeErrorView.test.ts; components/RunData.vue; components/RunData.vue"
"ExpressionEditModal","local","@/components/ExpressionEditModal.vue",4,"component","components/ExpressionEditModal.test.ts; components/ExpressionEditModal.test.ts; components/ParameterInput.vue; components/ParameterInput.vue"
"ExpressionEditorModalInput","local","@/components/ExpressionEditorModal/ExpressionEditorModalInput.vue",4,"component","components/ExpressionEditModal.vue; components/ExpressionEditModal.vue; components/ExpressionEditorModalInput.test.ts; components/ExpressionEditorModalInput.test.ts"
"VirtualSchema","local","@/components/VirtualSchema.vue",4,"component","components/ExpressionEditModal.vue; components/ExpressionEditModal.vue; components/VirtualSchema.test.ts; components/VirtualSchema.test.ts"
"InlineExpressionEditorOutput","local","@/components/InlineExpressionEditor/InlineExpressionEditorOutput.vue",4,"component","components/ExpressionParameterInput.vue; components/ExpressionParameterInput.vue; components/SqlEditor/SqlEditor.vue; components/SqlEditor/SqlEditor.vue"
"ExternalSecretsProviderImage","local","@/components/ExternalSecretsProviderImage.ee.vue",4,"component","components/ExternalSecretsProviderCard.ee.vue; components/ExternalSecretsProviderCard.ee.vue; components/ExternalSecretsProviderModal.ee.vue; components/ExternalSecretsProviderModal.ee.vue"
"ExternalSecretsProviderConnectionSwitch","local","@/components/ExternalSecretsProviderConnectionSwitch.ee.vue",4,"component","components/ExternalSecretsProviderCard.ee.vue; components/ExternalSecretsProviderCard.ee.vue; components/ExternalSecretsProviderModal.ee.vue; components/ExternalSecretsProviderModal.ee.vue"
"FilterConditions","local","@/components/FilterConditions/FilterConditions.vue",4,"component","components/FilterConditions/FilterConditions.test.ts; components/FilterConditions/FilterConditions.test.ts; components/ParameterInputList.vue; components/ParameterInputList.vue"
"FreeAiCreditsCallout","local","@/components/FreeAiCreditsCallout.vue",4,"component","components/FreeAiCreditsCallout.test.ts; components/FreeAiCreditsCallout.test.ts; components/NodeSettings.vue; components/NodeSettings.vue"
"FromAiParametersModal","local","@/components/FromAiParametersModal.vue",4,"component","components/FromAiParametersModal.test.ts; components/FromAiParametersModal.test.ts; components/Modals.vue; components/Modals.vue"
"TabBar","local","@/components/MainHeader/TabBar.vue",4,"component","components/MainHeader/MainHeader.vue; components/MainHeader/MainHeader.vue; components/MainHeader/TabBar.test.ts; components/MainHeader/TabBar.test.ts"
"WorkflowDetails","local","@/components/MainHeader/WorkflowDetails.vue",4,"component","components/MainHeader/MainHeader.vue; components/MainHeader/MainHeader.vue; components/MainHeader/WorkflowDetails.test.ts; components/MainHeader/WorkflowDetails.test.ts"
"PushConnectionTracker","local","@/components/PushConnectionTracker.vue",4,"component","components/MainHeader/WorkflowDetails.vue; components/MainHeader/WorkflowDetails.vue; components/PushConnectionTracker.test.ts; components/PushConnectionTracker.test.ts"
"WorkflowHistoryButton","local","@/components/MainHeader/WorkflowHistoryButton.vue",4,"component","components/MainHeader/WorkflowDetails.vue; components/MainHeader/WorkflowDetails.vue; components/MainHeader/WorkflowHistoryButton.test.ts; components/MainHeader/WorkflowHistoryButton.test.ts"
"PersonalizationModal","local","@/components/PersonalizationModal.vue",4,"component","components/Modals.vue; components/Modals.vue; components/PersonalizationModal.test.ts; components/PersonalizationModal.test.ts"
"SourceControlPushModal","local","@/components/SourceControlPushModal.ee.vue",4,"component","components/Modals.vue; components/Modals.vue; components/SourceControlPushModal.ee.test.ts; components/SourceControlPushModal.ee.test.ts"
"ProjectMoveResourceModal","local","@/components/Projects/ProjectMoveResourceModal.vue",4,"component","components/Modals.vue; components/Modals.vue; components/Projects/ProjectMoveResourceModal.test.ts; components/Projects/ProjectMoveResourceModal.test.ts"
"WorkflowActivationConflictingWebhookModal","local","@/components/WorkflowActivationConflictingWebhookModal.vue",4,"component","components/Modals.vue; components/Modals.vue; components/WorkflowActivationConflictingWebhookModal.test.ts; components/WorkflowActivationConflictingWebhookModal.test.ts"
"NDVSubConnections","local","@/components/NDVSubConnections.vue",4,"component","components/NDVSubConnections.test.ts; components/NDVSubConnections.test.ts; components/NodeSettings.vue; components/NodeSettings.vue"
"NodeExecuteButton","local","@/components/NodeExecuteButton.vue",4,"component","components/NodeExecuteButton.test.ts; components/NodeExecuteButton.test.ts; components/TriggerPanel.vue; components/TriggerPanel.vue"
"NodeTitle","local","@/components/NodeTitle.vue",4,"component","components/NodeSettings.vue; components/NodeSettings.vue; components/NodeTitle.test.ts; components/NodeTitle.test.ts"
"ParameterInputList","local","@/components/ParameterInputList.vue",4,"component","components/NodeSettings.vue; components/NodeSettings.vue; components/SettingsLogStreaming/EventDestinationSettingsModal.ee.vue; components/SettingsLogStreaming/EventDestinationSettingsModal.ee.vue"
"ParameterInput","local","@/components/ParameterInput.vue",4,"component","components/ParameterInput.test.ts; components/ParameterInput.test.ts; components/ParameterInputWrapper.vue; components/ParameterInputWrapper.vue"
"SqlEditor","local","@/components/SqlEditor/SqlEditor.vue",4,"component","components/ParameterInput.vue; components/ParameterInput.vue; components/SQLEditor.test.ts; components/SQLEditor.test.ts"
"ParameterOptions","local","@/components/ParameterOptions.vue",4,"component","components/ParameterInputFull.vue; components/ParameterInputFull.vue; components/ResourceMapper/MatchingColumnsSelect.vue; components/ResourceMapper/MatchingColumnsSelect.vue"
"ResourceMapper","local","@/components/ResourceMapper/ResourceMapper.vue",4,"component","components/ParameterInputList.vue; components/ParameterInputList.vue; components/ResourceMapper.test.ts; components/ResourceMapper.test.ts"
"ProjectTabs","local","@/components/Projects/ProjectTabs.vue",4,"component","components/Projects/ProjectHeader.vue; components/Projects/ProjectHeader.vue; components/Projects/ProjectTabs.test.ts; components/Projects/ProjectTabs.test.ts"
"ProjectMoveSuccessToastMessage","local","@/components/Projects/ProjectMoveSuccessToastMessage.vue",4,"component","components/Projects/ProjectMoveResourceModal.vue; components/Projects/ProjectMoveResourceModal.vue; components/Projects/ProjectMoveSuccessToastMessage.test.ts; components/Projects/ProjectMoveSuccessToastMessage.test.ts"
"RunDataPinButton","local","@/components/RunDataPinButton.vue",4,"component","components/RunData.vue; components/RunData.vue; components/RunDataPinButton.test.ts; components/RunDataPinButton.test.ts"
"TemplatesInfoCard","local","@/components/TemplatesInfoCard.vue",4,"component","components/TemplatesInfoCard.test.ts; components/TemplatesInfoCard.test.ts; components/TemplatesInfoCarousel.vue; components/TemplatesInfoCarousel.vue"
"Card","local","@/components/CollectionWorkflowCard.vue",4,"component","components/TemplatesInfoCard.vue; components/TemplatesInfoCard.vue; components/TemplatesInfoCarousel.vue; components/TemplatesInfoCarousel.vue"
"Canvas","local","@/components/canvas/Canvas.vue",4,"component","components/canvas/Canvas.test.ts; components/canvas/Canvas.test.ts; components/canvas/WorkflowCanvas.vue; components/canvas/WorkflowCanvas.vue"
"CanvasHandleRenderer","local","@/components/canvas/elements/handles/CanvasHandleRenderer.vue",4,"component","components/canvas/elements/handles/CanvasHandleRenderer.test.ts; components/canvas/elements/handles/CanvasHandleRenderer.test.ts; components/canvas/elements/nodes/CanvasNode.vue; components/canvas/elements/nodes/CanvasNode.vue"
"CanvasHandleMainInput","local","@/components/canvas/elements/handles/render-types/CanvasHandleMainInput.vue",4,"component","components/canvas/elements/handles/CanvasHandleRenderer.vue; components/canvas/elements/handles/CanvasHandleRenderer.vue; components/canvas/elements/handles/render-types/CanvasHandleMainInput.test.ts; components/canvas/elements/handles/render-types/CanvasHandleMainInput.test.ts"
"CanvasHandleMainOutput","local","@/components/canvas/elements/handles/render-types/CanvasHandleMainOutput.vue",4,"component","components/canvas/elements/handles/CanvasHandleRenderer.vue; components/canvas/elements/handles/CanvasHandleRenderer.vue; components/canvas/elements/handles/render-types/CanvasHandleMainOutput.test.ts; components/canvas/elements/handles/render-types/CanvasHandleMainOutput.test.ts"
"CanvasHandleNonMainInput","local","@/components/canvas/elements/handles/render-types/CanvasHandleNonMainInput.vue",4,"component","components/canvas/elements/handles/CanvasHandleRenderer.vue; components/canvas/elements/handles/CanvasHandleRenderer.vue; components/canvas/elements/handles/render-types/CanvasHandleNonMainInput.test.ts; components/canvas/elements/handles/render-types/CanvasHandleNonMainInput.test.ts"
"CanvasHandleNonMainOutput","local","@/components/canvas/elements/handles/render-types/CanvasHandleNonMainOutput.vue",4,"component","components/canvas/elements/handles/CanvasHandleRenderer.vue; components/canvas/elements/handles/CanvasHandleRenderer.vue; components/canvas/elements/handles/render-types/CanvasHandleNonMainOutput.test.ts; components/canvas/elements/handles/render-types/CanvasHandleNonMainOutput.test.ts"
"CanvasNodeToolbar","local","@/components/canvas/elements/nodes/CanvasNodeToolbar.vue",4,"component","components/canvas/elements/nodes/CanvasNode.vue; components/canvas/elements/nodes/CanvasNode.vue; components/canvas/elements/nodes/CanvasNodeToolbar.test.ts; components/canvas/elements/nodes/CanvasNodeToolbar.test.ts"
"CanvasNodeRenderer","local","@/components/canvas/elements/nodes/CanvasNodeRenderer.vue",4,"component","components/canvas/elements/nodes/CanvasNode.vue; components/canvas/elements/nodes/CanvasNode.vue; components/canvas/elements/nodes/CanvasNodeRenderer.test.ts; components/canvas/elements/nodes/CanvasNodeRenderer.test.ts"
"CanvasNodeDefault","local","@/components/canvas/elements/nodes/render-types/CanvasNodeDefault.vue",4,"component","components/canvas/elements/nodes/CanvasNodeRenderer.vue; components/canvas/elements/nodes/CanvasNodeRenderer.vue; components/canvas/elements/nodes/render-types/CanvasNodeDefault.test.ts; components/canvas/elements/nodes/render-types/CanvasNodeDefault.test.ts"
"CanvasNodeStickyNote","local","@/components/canvas/elements/nodes/render-types/CanvasNodeStickyNote.vue",4,"component","components/canvas/elements/nodes/CanvasNodeRenderer.vue; components/canvas/elements/nodes/CanvasNodeRenderer.vue; components/canvas/elements/nodes/render-types/CanvasNodeStickyNote.test.ts; components/canvas/elements/nodes/render-types/CanvasNodeStickyNote.test.ts"
"AnnotationTagsDropdown","local","@/components/AnnotationTagsDropdown.ee.vue",4,"component","components/executions/ExecutionsFilter.vue; components/executions/ExecutionsFilter.vue; components/executions/workflow/WorkflowExecutionAnnotationPanel.ee.vue; components/executions/workflow/WorkflowExecutionAnnotationPanel.ee.vue"
"GlobalExecutionsListItem","local","@/components/executions/global/GlobalExecutionsListItem.vue",4,"component","components/executions/global/GlobalExecutionsList.vue; components/executions/global/GlobalExecutionsList.vue; components/executions/global/GlobalExecutionsListItem.test.ts; components/executions/global/GlobalExecutionsListItem.test.ts"
"ExecutionsTime","local","@/components/executions/ExecutionsTime.vue",4,"component","components/executions/global/GlobalExecutionsListItem.vue; components/executions/global/GlobalExecutionsListItem.vue; components/executions/workflow/WorkflowExecutionsCard.vue; components/executions/workflow/WorkflowExecutionsCard.vue"
"WorkflowExecutionsCard","local","@/components/executions/workflow/WorkflowExecutionsCard.vue",4,"component","components/executions/workflow/WorkflowExecutionsCard.test.ts; components/executions/workflow/WorkflowExecutionsCard.test.ts; components/executions/workflow/WorkflowExecutionsSidebar.vue; components/executions/workflow/WorkflowExecutionsSidebar.vue"
"WorkflowExecutionsSidebar","local","@/components/executions/workflow/WorkflowExecutionsSidebar.vue",4,"component","components/executions/workflow/WorkflowExecutionsList.vue; components/executions/workflow/WorkflowExecutionsList.vue; components/executions/workflow/WorkflowExecutionsSidebar.test.ts; components/executions/workflow/WorkflowExecutionsSidebar.test.ts"
"NodeExecuteButton","local","./NodeExecuteButton.vue",3,"component","components/InputPanel.vue; components/NodeSettings.vue; components/VirtualSchema.vue"
"MappingPill","local","./MappingPill.vue",3,"component","components/RunDataJson.vue; components/RunDataTable.vue; components/VirtualSchema.vue"
"TextWithHighlights","local","./TextWithHighlights.vue",3,"component","components/RunDataJson.vue; components/RunDataTable.vue; components/VirtualSchemaItem.vue"
"WorkerAccordion","local","./WorkerAccordion.ee.vue",3,"component","components/Workers/WorkerChartsAccordion.ee.vue; components/Workers/WorkerJobAccordion.ee.vue; components/Workers/WorkerNetAccordion.ee.vue"
"CredentialsView","local","@/views/CredentialsView.vue",2,"view","views/CredentialsView.test.ts; views/CredentialsView.test.ts"
"EvaluationsPaywall","local","@/components/Evaluations.ee/Paywall/EvaluationsPaywall.vue",2,"view","views/Evaluations.ee/EvaluationsRootView.vue; views/Evaluations.ee/EvaluationsRootView.vue"
"SetupWizard","local","@/components/Evaluations.ee/SetupWizard/SetupWizard.vue",2,"view","views/Evaluations.ee/EvaluationsRootView.vue; views/Evaluations.ee/EvaluationsRootView.vue"
"RunsSection","local","@/components/Evaluations.ee/ListRuns/RunsSection.vue",2,"view","views/Evaluations.ee/EvaluationsView.vue; views/Evaluations.ee/EvaluationsView.vue"
"TestTableBase","local","@/components/Evaluations.ee/shared/TestTableBase.vue",2,"view","views/Evaluations.ee/TestRunDetailView.vue; views/Evaluations.ee/TestRunDetailView.vue"
"EvaluationsView","local","@/views/Evaluations.ee/EvaluationsView.vue",2,"view","views/Evaluations.ee/tests/EvaluationsView.test.ts; views/Evaluations.ee/tests/EvaluationsView.test.ts"
"GlobalExecutionsList","local","@/components/executions/global/GlobalExecutionsList.vue",2,"view","views/ExecutionsView.vue; views/ExecutionsView.vue"
"ForgotMyPasswordView","local","@/views/ForgotMyPasswordView.vue",2,"view","views/ForgotMyPasswordView.test.ts; views/ForgotMyPasswordView.test.ts"
"AuthView","local","./AuthView.vue",2,"view","views/ForgotMyPasswordView.vue; views/SigninView.vue"
"CanvasRunWorkflowButton","local","@/components/canvas/elements/buttons/CanvasRunWorkflowButton.vue",2,"view","views/NodeView.vue; views/NodeView.vue"
"CanvasStopCurrentExecutionButton","local","@/components/canvas/elements/buttons/CanvasStopCurrentExecutionButton.vue",2,"view","views/NodeView.vue; views/NodeView.vue"
"CanvasStopWaitingForWebhookButton","local","@/components/canvas/elements/buttons/CanvasStopWaitingForWebhookButton.vue",2,"view","views/NodeView.vue; views/NodeView.vue"
"CanvasClearExecutionDataButton","local","@/components/canvas/elements/buttons/CanvasClearExecutionDataButton.vue",2,"view","views/NodeView.vue; views/NodeView.vue"
"NodeViewUnfinishedWorkflowMessage","local","@/components/NodeViewUnfinishedWorkflowMessage.vue",2,"view","views/NodeView.vue; views/NodeView.vue"
"ProjectSettings","local","@/views/ProjectSettings.vue",2,"view","views/ProjectSettings.test.ts; views/ProjectSettings.test.ts"
"ProjectRoleUpgradeDialog","local","@/components/Projects/ProjectRoleUpgradeDialog.vue",2,"view","views/ProjectSettings.vue; views/ProjectSettings.vue"
"SamlOnboarding","local","@/views/SamlOnboarding.vue",2,"view","views/SamlOnboarding.test.ts; views/SamlOnboarding.test.ts"
"CommunityPackageCard","local","@/components/CommunityPackageCard.vue",2,"view","views/SettingsCommunityNodesView.vue; views/SettingsCommunityNodesView.vue"
"SettingsExternalSecrets","local","@/views/SettingsExternalSecrets.vue",2,"view","views/SettingsExternalSecrets.test.ts; views/SettingsExternalSecrets.test.ts"
"ExternalSecretsProviderCard","local","@/components/ExternalSecretsProviderCard.ee.vue",2,"view","views/SettingsExternalSecrets.vue; views/SettingsExternalSecrets.vue"
"EventDestinationCard","local","@/components/SettingsLogStreaming/EventDestinationCard.ee.vue",2,"view","views/SettingsLogStreamingView.vue; views/SettingsLogStreamingView.vue"
"SettingsPersonalView","local","@/views/SettingsPersonalView.vue",2,"view","views/SettingsPersonalView.test.ts; views/SettingsPersonalView.test.ts"
"SettingsSourceControl","local","@/views/SettingsSourceControl.vue",2,"view","views/SettingsSourceControl.test.ts; views/SettingsSourceControl.test.ts"
"SettingsSso","local","@/views/SettingsSso.vue",2,"view","views/SettingsSso.test.ts; views/SettingsSso.test.ts"
"SettingsUsageAndPlan","local","@/views/SettingsUsageAndPlan.vue",2,"view","views/SettingsUsageAndPlan.test.ts; views/SettingsUsageAndPlan.test.ts"
"SettingsUsersView","local","@/views/SettingsUsersView.vue",2,"view","views/SettingsUsersView.test.ts; views/SettingsUsersView.test.ts"
"SettingsView","local","@/views/SettingsView.vue",2,"view","views/SettingsView.test.ts; views/SettingsView.test.ts"
"SettingsSidebar","local","@/components/SettingsSidebar.vue",2,"view","views/SettingsView.vue; views/SettingsView.vue"
"CredentialPicker","local","@/components/CredentialPicker/CredentialPicker.vue",2,"view","views/SetupWorkflowFromTemplateView/SetupTemplateFormStep.vue; views/SetupWorkflowFromTemplateView/SetupTemplateFormStep.vue"
"SigninView","local","@/views/SigninView.vue",2,"view","views/SigninView.test.ts; views/SigninView.test.ts"
"SignupView","local","@/views/SignupView.vue",2,"view","views/SignupView.test.ts; views/SignupView.test.ts"
"TemplateDetails","local","@/components/TemplateDetails.vue",2,"view","views/TemplatesCollectionView.vue; views/TemplatesCollectionView.vue"
"TemplatesView","local","./TemplatesView.vue",2,"view","views/TemplatesCollectionView.vue; views/TemplatesWorkflowView.vue"
"TemplatesInfoCarousel","local","@/components/TemplatesInfoCarousel.vue",2,"view","views/TemplatesSearchView.vue; views/TemplatesSearchView.vue"
"TemplateFilters","local","@/components/TemplateFilters.vue",2,"view","views/TemplatesSearchView.vue; views/TemplatesSearchView.vue"
"TemplatesView","local","@/views/TemplatesView.vue",2,"view","views/TemplatesSearchView.vue; views/TemplatesSearchView.vue"
"GoBackButton","local","@/components/GoBackButton.vue",2,"view","views/TemplatesView.vue; views/TemplatesView.vue"
"VariablesView","local","@/views/VariablesView.vue",2,"view","views/VariablesView.test.ts; views/VariablesView.test.ts"
"VariablesForm","local","@/components/VariablesForm.vue",2,"view","views/VariablesView.vue; views/VariablesView.vue"
"VariablesUsageBadge","local","@/components/VariablesUsageBadge.vue",2,"view","views/VariablesView.vue; views/VariablesView.vue"
"WorkerList","local","@/components/WorkerList.ee.vue",2,"view","views/WorkerView.vue; views/WorkerView.vue"
"WorkflowExecutionsList","local","@/components/executions/workflow/WorkflowExecutionsList.vue",2,"view","views/WorkflowExecutionsView.vue; views/WorkflowExecutionsView.vue"
"WorkflowHistoryPage","local","@/views/WorkflowHistory.vue",2,"view","views/WorkflowHistory.test.ts; views/WorkflowHistory.test.ts"
"WorkflowsView","local","@/views/WorkflowsView.vue",2,"view","views/WorkflowsView.test.ts; views/WorkflowsView.test.ts"
"ResourcesListLayout","local","@/components/layouts/ResourcesListLayout.vue",2,"view","views/WorkflowsView.vue; views/WorkflowsView.vue"
"ApiKeyScopes","local","@/components/ApiKeyScopes.vue",2,"component","components/ApiKeyCreateOrEditModal.vue; components/ApiKeyCreateOrEditModal.vue"
"AskAssistantChat","design-system","@n8n/design-system/components/AskAssistantChat/AskAssistantChat.vue",2,"component","components/AskAssistant/Agent/AskAssistantBuild.vue; components/AskAssistant/Chat/AskAssistantChat.vue"
"Assignment","local","./Assignment.vue",2,"component","components/AssignmentCollection/Assignment.test.ts; components/AssignmentCollection/AssignmentCollection.vue"
"ParameterInputHint","local","@/components/ParameterInputHint.vue",2,"component","components/AssignmentCollection/Assignment.vue; components/AssignmentCollection/Assignment.vue"
"TypeSelect","local","./TypeSelect.vue",2,"component","components/AssignmentCollection/Assignment.vue; components/AssignmentCollection/TypeSelect.test.ts"
"BannerStack","local","@/components/banners/BannerStack.vue",2,"component","components/BannersStack.test.ts; components/BannersStack.test.ts"
"BinaryDataDisplayEmbed","local","@/components/BinaryDataDisplayEmbed.vue",2,"component","components/BinaryDataDisplay.vue; components/BinaryDataDisplay.vue"
"RunDataHtml","local","@/components/RunDataHtml.vue",2,"component","components/BinaryDataDisplayEmbed.vue; components/BinaryDataDisplayEmbed.vue"
"RunDataAi","local","@/components/RunDataAi/RunDataAi.vue",2,"component","components/CanvasChat/components/ChatLogsPanel.vue; components/CanvasChat/components/ChatLogsPanel.vue"
"LogsOverviewPanel","local","@/components/CanvasChat/future/components/LogsOverviewPanel.vue",2,"component","components/CanvasChat/future/LogsPanel.vue; components/CanvasChat/future/LogsPanel.vue"
"ChatMessagesPanel","local","@/components/CanvasChat/components/ChatMessagesPanel.vue",2,"component","components/CanvasChat/future/LogsPanel.vue; components/CanvasChat/future/LogsPanel.vue"
"LogsDetailsPanel","local","@/components/CanvasChat/future/components/LogDetailsPanel.vue",2,"component","components/CanvasChat/future/LogsPanel.vue; components/CanvasChat/future/LogsPanel.vue"
"LogsPanelActions","local","@/components/CanvasChat/future/components/LogsPanelActions.vue",2,"component","components/CanvasChat/future/LogsPanel.vue; components/CanvasChat/future/LogsPanel.vue"
"LogsViewRunData","local","@/components/CanvasChat/future/components/LogsViewRunData.vue",2,"component","components/CanvasChat/future/components/LogDetailsPanel.vue; components/CanvasChat/future/components/LogDetailsPanel.vue"
"LogsOverviewRow","local","@/components/CanvasChat/future/components/LogsOverviewRow.vue",2,"component","components/CanvasChat/future/components/LogsOverviewPanel.vue; components/CanvasChat/future/components/LogsOverviewPanel.vue"
"AuthTypeSelector","local","@/components/CredentialEdit/AuthTypeSelector.vue",2,"component","components/CredentialEdit/CredentialConfig.vue; components/CredentialEdit/CredentialConfig.vue"
"EnterpriseEdition","local","@/components/EnterpriseEdition.ee.vue",2,"component","components/CredentialEdit/CredentialConfig.vue; components/CredentialEdit/CredentialConfig.vue"
"GoogleAuthButton","local","./GoogleAuthButton.vue",2,"component","components/CredentialEdit/CredentialConfig.vue; components/CredentialEdit/OauthButton.vue"
"InlineAskAssistantButton","design-system","@n8n/design-system/components/InlineAskAssistantButton/InlineAskAssistantButton.vue",2,"component","components/CredentialEdit/CredentialConfig.vue; components/Error/NodeErrorView.vue"
"CredentialConfig","local","@/components/CredentialEdit/CredentialConfig.vue",2,"component","components/CredentialEdit/CredentialEdit.vue; components/CredentialEdit/CredentialEdit.vue"
"CredentialInfo","local","@/components/CredentialEdit/CredentialInfo.vue",2,"component","components/CredentialEdit/CredentialEdit.vue; components/CredentialEdit/CredentialEdit.vue"
"CredentialSharing","local","@/components/CredentialEdit/CredentialSharing.ee.vue",2,"component","components/CredentialEdit/CredentialEdit.vue; components/CredentialEdit/CredentialEdit.vue"
"OauthButton","local","@/components/CredentialEdit/OauthButton.vue",2,"component","components/CredentialEdit/OauthButton.test.ts; components/CredentialEdit/OauthButton.test.ts"
"ScopesNotice","local","@/components/ScopesNotice.vue",2,"component","components/CredentialsSelect.vue; components/CredentialsSelect.vue"
"MetricsChart","local","@/components/Evaluations.ee/ListRuns/MetricsChart.vue",2,"component","components/Evaluations.ee/ListRuns/RunsSection.vue; components/Evaluations.ee/ListRuns/RunsSection.vue"
"TestRunsTable","local","@/components/Evaluations.ee/ListRuns/TestRunsTable.vue",2,"component","components/Evaluations.ee/ListRuns/RunsSection.vue; components/Evaluations.ee/ListRuns/RunsSection.vue"
"ExpressionFunctionIcon","local","@/components/ExpressionFunctionIcon.vue",2,"component","components/ExpressionParameterInput.vue; components/ExpressionParameterInput.vue"
"InlineExpressionEditorInput","local","@/components/InlineExpressionEditor/InlineExpressionEditorInput.vue",2,"component","components/ExpressionParameterInput.vue; components/ExpressionParameterInput.vue"
"ParameterInputExpanded","local","@/components/ParameterInputExpanded.vue",2,"component","components/ExternalSecretsProviderModal.ee.vue; components/ExternalSecretsProviderModal.ee.vue"
"Feedback","local","@/components/Feedback.vue",2,"component","components/Feedback.test.ts; components/Feedback.test.ts"
"ParameterInputList","local","./ParameterInputList.vue",2,"component","components/FixedCollectionParameter.vue; components/ParameterInputList.test.ts"
"InlineExpressionTip","local","@/components/InlineExpressionEditor/InlineExpressionTip.vue",2,"component","components/InlineExpressionEditor/InlineExpressionTip.test.ts; components/InlineExpressionEditor/InlineExpressionTip.test.ts"
"NodeIcon","local","./NodeIcon.vue",2,"component","components/InputNodeSelect.vue; components/VersionCard.vue"
"RunData","local","./RunData.vue",2,"component","components/InputPanel.vue; components/OutputPanel.vue"
"WorkflowTagsContainer","local","@/components/WorkflowTagsContainer.vue",2,"component","components/MainHeader/WorkflowDetails.vue; components/MainHeader/WorkflowDetails.vue"
"BreakpointsObserver","local","@/components/BreakpointsObserver.vue",2,"component","components/MainHeader/WorkflowDetails.vue; components/MainHeader/WorkflowDetails.vue"
"MainSidebar","local","@/components/MainSidebar.vue",2,"component","components/MainSidebar.test.ts; components/MainSidebar.test.ts"
"MainSidebarSourceControl","local","@/components/MainSidebarSourceControl.vue",2,"component","components/MainSidebarSourceControl.test.ts; components/MainSidebarSourceControl.test.ts"
"AboutModal","local","@/components/AboutModal.vue",2,"component","components/Modals.vue; components/Modals.vue"
"CommunityPackageManageConfirmModal","local","@/components/CommunityPackageManageConfirmModal.vue",2,"component","components/Modals.vue; components/Modals.vue"
"CommunityPackageInstallModal","local","@/components/CommunityPackageInstallModal.vue",2,"component","components/Modals.vue; components/Modals.vue"
"ContactPromptModal","local","@/components/ContactPromptModal.vue",2,"component","components/Modals.vue; components/Modals.vue"
"InviteUsersModal","local","@/components/InviteUsersModal.vue",2,"component","components/Modals.vue; components/Modals.vue"
"CredentialsSelectModal","local","@/components/CredentialsSelectModal.vue",2,"component","components/Modals.vue; components/Modals.vue"
"DuplicateWorkflowDialog","local","@/components/DuplicateWorkflowDialog.vue",2,"component","components/Modals.vue; components/Modals.vue"
"ModalRoot","local","@/components/ModalRoot.vue",2,"component","components/Modals.vue; components/Modals.vue"
"WorkflowTagsManager","local","@/components/TagsManager/WorkflowTagsManager.vue",2,"component","components/Modals.vue; components/Modals.vue"
"AnnotationTagsManager","local","@/components/TagsManager/AnnotationTagsManager.ee.vue",2,"component","components/Modals.vue; components/Modals.vue"
"UpdatesPanel","local","@/components/UpdatesPanel.vue",2,"component","components/Modals.vue; components/Modals.vue"
"NpsSurvey","local","@/components/NpsSurvey.vue",2,"component","components/Modals.vue; components/Modals.vue"
"WorkflowSettings","local","@/components/WorkflowSettings.vue",2,"component","components/Modals.vue; components/Modals.vue"
"DeleteUserModal","local","@/components/DeleteUserModal.vue",2,"component","components/Modals.vue; components/Modals.vue"
"ActivationModal","local","@/components/ActivationModal.vue",2,"component","components/Modals.vue; components/Modals.vue"
"ImportCurlModal","local","@/components/ImportCurlModal.vue",2,"component","components/Modals.vue; components/Modals.vue"
"ApiKeyCreateOrEditModal","local","@/components/ApiKeyCreateOrEditModal.vue",2,"component","components/Modals.vue; components/Modals.vue"
"MfaSetupModal","local","@/components/MfaSetupModal.vue",2,"component","components/Modals.vue; components/Modals.vue"
"WorkflowShareModal","local","@/components/WorkflowShareModal.ee.vue",2,"component","components/Modals.vue; components/Modals.vue"
"EventDestinationSettingsModal","local","@/components/SettingsLogStreaming/EventDestinationSettingsModal.ee.vue",2,"component","components/Modals.vue; components/Modals.vue"
"SourceControlPullModal","local","@/components/SourceControlPullModal.ee.vue",2,"component","components/Modals.vue; components/Modals.vue"
"ExternalSecretsProviderModal","local","@/components/ExternalSecretsProviderModal.ee.vue",2,"component","components/Modals.vue; components/Modals.vue"
"DebugPaywallModal","local","@/components/DebugPaywallModal.vue",2,"component","components/Modals.vue; components/Modals.vue"
"WorkflowHistoryVersionRestoreModal","local","@/components/WorkflowHistory/WorkflowHistoryVersionRestoreModal.vue",2,"component","components/Modals.vue; components/Modals.vue"
"SetupWorkflowCredentialsModal","local","@/components/SetupWorkflowCredentialsModal/SetupWorkflowCredentialsModal.vue",2,"component","components/Modals.vue; components/Modals.vue"
"NewAssistantSessionModal","local","@/components/AskAssistant/Chat/NewAssistantSessionModal.vue",2,"component","components/Modals.vue; components/Modals.vue"
"ImportWorkflowUrlModal","local","@/components/ImportWorkflowUrlModal.vue",2,"component","components/Modals.vue; components/Modals.vue"
"CollectionParameter","local","@/components/CollectionParameter.vue",2,"component","components/MultipleParameter.vue; components/MultipleParameter.vue"
"NDVFloatingNodes","local","@/components/NDVFloatingNodes.vue",2,"component","components/NDVDraggablePanels.vue; components/NDVDraggablePanels.vue"
"CommunityNodeInstallHint","local","../Panel/CommunityNodeInstallHint.vue",2,"component","components/Node/NodeCreator/ItemTypes/CommunityNodeItem.vue; components/Node/NodeCreator/Renderers/CategorizedItemsRenderer.vue"
"ItemsRenderer","local","@/components/Node/NodeCreator/Renderers/ItemsRenderer.vue",2,"component","components/Node/NodeCreator/ItemsRenderer.test.ts; components/Node/NodeCreator/ItemsRenderer.test.ts"
"ItemsRenderer","local","../Renderers/ItemsRenderer.vue",2,"component","components/Node/NodeCreator/Modes/ActionsMode.vue; components/Node/NodeCreator/Modes/NodesMode.vue"
"CategorizedItemsRenderer","local","../Renderers/CategorizedItemsRenderer.vue",2,"component","components/Node/NodeCreator/Modes/ActionsMode.vue; components/Node/NodeCreator/Modes/NodesMode.vue"
"NodesListPanel","local","./Panel/NodesListPanel.vue",2,"component","components/Node/NodeCreator/NodeCreator.vue; components/Node/NodeCreator/NodesListPanel.test.ts"
"CommunityNodeDetails","local","./CommunityNodeDetails.vue",2,"component","components/Node/NodeCreator/Panel/CommunityNodeDetails.test.ts; components/Node/NodeCreator/Panel/NodesListPanel.vue"
"CommunityNodeFooter","local","./CommunityNodeFooter.vue",2,"component","components/Node/NodeCreator/Panel/CommunityNodeFooter.test.ts; components/Node/NodeCreator/Panel/NodesListPanel.vue"
"CommunityNodeInfo","local","./CommunityNodeInfo.vue",2,"component","components/Node/NodeCreator/Panel/CommunityNodeInfo.test.ts; components/Node/NodeCreator/Panel/NodesListPanel.vue"
"NodeDetailsView","local","@/components/NodeDetailsView.vue",2,"component","components/NodeDetailsView.test.ts; components/NodeDetailsView.test.ts"
"NodeSettings","local","@/components/NodeSettings.vue",2,"component","components/NodeDetailsView.vue; components/NodeDetailsView.vue"
"NodeExecutionErrorMessage","local","@/components/NodeExecutionErrorMessage.vue",2,"component","components/NodeExecutionErrorMessage.test.ts; components/NodeExecutionErrorMessage.test.ts"
"NodeSettingsTabs","local","@/components/NodeSettingsTabs.vue",2,"component","components/NodeSettings.vue; components/NodeSettings.vue"
"NodeWebhooks","local","@/components/NodeWebhooks.vue",2,"component","components/NodeSettings.vue; components/NodeSettings.vue"
"ModalDrawer","local","@/components/ModalDrawer.vue",2,"component","components/NpsSurvey.vue; components/NpsSurvey.vue"
"CodeNodeEditor","local","@/components/CodeNodeEditor/CodeNodeEditor.vue",2,"component","components/ParameterInput.vue; components/ParameterInput.vue"
"CredentialsSelect","local","@/components/CredentialsSelect.vue",2,"component","components/ParameterInput.vue; components/ParameterInput.vue"
"ResourceLocator","local","@/components/ResourceLocator/ResourceLocator.vue",2,"component","components/ParameterInput.vue; components/ParameterInput.vue"
"TextEdit","local","@/components/TextEdit.vue",2,"component","components/ParameterInput.vue; components/ParameterInput.vue"
"ParameterInputWrapper","local","./ParameterInputWrapper.vue",2,"component","components/ParameterInputExpanded.vue; components/ParameterInputWrapper.test.ts"
"ParameterOptions","local","./ParameterOptions.vue",2,"component","components/ParameterInputExpanded.vue; components/ParameterOptions.test.ts"
"ParameterInputWrapper","local","@/components/ParameterInputWrapper.vue",2,"component","components/ParameterInputFull.vue; components/ParameterInputFull.vue"
"FromAiOverrideButton","local","@/components/ParameterInputOverrides/FromAiOverrideButton.vue",2,"component","components/ParameterInputFull.vue; components/ParameterInputFull.vue"
"FromAiOverrideField","local","@/components/ParameterInputOverrides/FromAiOverrideField.vue",2,"component","components/ParameterInputFull.vue; components/ParameterInputFull.vue"
"AssignmentCollection","local","@/components/AssignmentCollection/AssignmentCollection.vue",2,"component","components/ParameterInputList.vue; components/ParameterInputList.vue"
"ButtonParameter","local","@/components/ButtonParameter/ButtonParameter.vue",2,"component","components/ParameterInputList.vue; components/ParameterInputList.vue"
"ImportCurlParameter","local","@/components/ImportCurlParameter.vue",2,"component","components/ParameterInputList.vue; components/ParameterInputList.vue"
"MultipleParameter","local","@/components/MultipleParameter.vue",2,"component","components/ParameterInputList.vue; components/ParameterInputList.vue"
"InputHint","local","@/components/ParameterInputHint.vue",2,"component","components/ParameterInputWrapper.vue; components/ParameterInputWrapper.vue"
"ProjectIcon","local","@/components/Projects/ProjectIcon.vue",2,"component","components/Projects/ProjectHeader.vue; components/Projects/ProjectHeader.vue"
"ProjectCreateResource","local","@/components/Projects/ProjectCreateResource.vue",2,"component","components/Projects/ProjectHeader.vue; components/Projects/ProjectHeader.vue"
"ProjectMoveResourceModalCredentialsList","local","@/components/Projects/ProjectMoveResourceModalCredentialsList.vue",2,"component","components/Projects/ProjectMoveResourceModal.vue; components/Projects/ProjectMoveResourceModal.vue"
"ProjectsNavigation","local","@/components/Projects/ProjectNavigation.vue",2,"component","components/Projects/ProjectNavigation.test.ts; components/Projects/ProjectNavigation.test.ts"
"ProjectSharingInfo","local","@/components/Projects/ProjectSharingInfo.vue",2,"component","components/Projects/ProjectSharing.vue; components/Projects/ProjectSharing.vue"
"ParameterIssues","local","@/components//ParameterIssues.vue",2,"component","components/ResourceMapper/MappingFields.vue; components/ResourceMapper/MappingFields.vue"
"ParameterOptions","local","@/components//ParameterOptions.vue",2,"component","components/ResourceMapper/MappingFields.vue; components/ResourceMapper/MappingFields.vue"
"BinaryDataDisplay","local","@/components/BinaryDataDisplay.vue",2,"component","components/RunData.vue; components/RunData.vue"
"RunDataItemCount","local","@/components/RunDataItemCount.vue",2,"component","components/RunData.vue; components/RunData.vue"
"RunDataDisplayModeSelect","local","@/components/RunDataDisplayModeSelect.vue",2,"component","components/RunData.vue; components/RunData.vue"
"RunDataPaginationBar","local","@/components/RunDataPaginationBar.vue",2,"component","components/RunData.vue; components/RunData.vue"
"RunDataAi","local","@/components/RunDataParsedAiContent.vue",2,"component","components/RunDataAi/AiRunContentBlock.vue; components/RunDataAi/AiRunContentBlock.vue"
"ConsumedTokensDetails","local","@/components/ConsumedTokensDetails.vue",2,"component","components/RunDataAi/RunDataAiContent.vue; components/RunDataAi/RunDataAiContent.vue"
"RunDataJson","local","@/components/RunDataJson.vue",2,"component","components/RunDataJson.test.ts; components/RunDataJson.test.ts"
"RunDataParsedAiContent","local","@/components/RunDataParsedAiContent.vue",2,"component","components/RunDataParsedAiContent.test.ts; components/RunDataParsedAiContent.test.ts"
"RunDataSearch","local","@/components/RunDataSearch.vue",2,"component","components/RunDataSearch.test.ts; components/RunDataSearch.test.ts"
"RunDataTable","local","@/components/RunDataTable.vue",2,"component","components/RunDataTable.test.ts; components/RunDataTable.test.ts"
"EventSelection","local","@/components/SettingsLogStreaming/EventSelection.ee.vue",2,"component","components/SettingsLogStreaming/EventDestinationSettingsModal.ee.vue; components/SettingsLogStreaming/EventDestinationSettingsModal.ee.vue"
"SetupWorkflowCredentialsButton","local","@/components/SetupWorkflowCredentialsButton/SetupWorkflowCredentialsButton.vue",2,"component","components/SetupWorkflowCredentialsButton/SetupWorkflowCredentialsButton.test.ts; components/SetupWorkflowCredentialsButton/SetupWorkflowCredentialsButton.test.ts"
"AppsRequiringCredsNotice","local","@/views/SetupWorkflowFromTemplateView/AppsRequiringCredsNotice.vue",2,"component","components/SetupWorkflowCredentialsModal/SetupWorkflowCredentialsModal.vue; components/SetupWorkflowCredentialsModal/SetupWorkflowCredentialsModal.vue"
"SetupTemplateFormStep","local","@/views/SetupWorkflowFromTemplateView/SetupTemplateFormStep.vue",2,"component","components/SetupWorkflowCredentialsModal/SetupWorkflowCredentialsModal.vue; components/SetupWorkflowCredentialsModal/SetupWorkflowCredentialsModal.vue"
"TagsManager","local","./TagsManager.vue",2,"component","components/TagsManager/AnnotationTagsManager.ee.vue; components/TagsManager/WorkflowTagsManager.vue"
"TagsView","local","@/components/TagsManager/TagsView/TagsView.vue",2,"component","components/TagsManager/TagsManager.vue; components/TagsManager/TagsManager.vue"
"NoTagsView","local","@/components/TagsManager/NoTagsView.vue",2,"component","components/TagsManager/TagsManager.vue; components/TagsManager/TagsManager.vue"
"TagsTableHeader","local","@/components/TagsManager/TagsView/TagsTableHeader.vue",2,"component","components/TagsManager/TagsView/TagsView.vue; components/TagsManager/TagsView/TagsView.vue"
"TagsTable","local","@/components/TagsManager/TagsView/TagsTable.vue",2,"component","components/TagsManager/TagsView/TagsView.vue; components/TagsManager/TagsView/TagsView.vue"
"TemplateDetailsBlock","local","@/components/TemplateDetailsBlock.vue",2,"component","components/TemplateDetails.vue; components/TemplateDetails.vue"
"NodeList","local","@/components/NodeList.vue",2,"component","components/TemplatesInfoCard.vue; components/TemplatesInfoCard.vue"
"TextWithHighlights","local","@/components/TextWithHighlights.vue",2,"component","components/TextWithHIghlights.test.ts; components/TextWithHIghlights.test.ts"
"TimeAgo","local","./TimeAgo.vue",2,"component","components/UpdatesPanel.vue; components/VersionCard.vue"
"VariablesUsageBadge","local","./VariablesUsageBadge.vue",2,"component","components/VariablesForm.vue; components/VariablesUsageBadge.test.ts"
"VirtualSchemaHeader","local","@/components/VirtualSchemaHeader.vue",2,"component","components/VirtualSchema.vue; components/VirtualSchema.vue"
"VirtualSchemaItem","local","@/components/VirtualSchemaItem.vue",2,"component","components/VirtualSchema.vue; components/VirtualSchema.vue"
"WorkflowExtractionNameModal","local","@/components/WorkflowExtractionNameModal.vue",2,"component","components/WorkflowExtractionNameModal.test.ts; components/WorkflowExtractionNameModal.test.ts"
"ResourceLocatorDropdown","local","@/components/ResourceLocator/ResourceLocatorDropdown.vue",2,"component","components/WorkflowSelectorParameterInput/WorkflowSelectorParameterInput.vue; components/WorkflowSelectorParameterInput/WorkflowSelectorParameterInput.vue"
"WorkflowSettingsVue","local","@/components/WorkflowSettings.vue",2,"component","components/WorkflowSettings.test.ts; components/WorkflowSettings.test.ts"
"NonProductionLicenseBanner","local","@/components/banners/NonProductionLicenseBanner.vue",2,"component","components/banners/BannerStack.vue; components/banners/BannerStack.vue"
"TrialOverBanner","local","@/components/banners/TrialOverBanner.vue",2,"component","components/banners/BannerStack.vue; components/banners/BannerStack.vue"
"TrialBanner","local","@/components/banners/TrialBanner.vue",2,"component","components/banners/BannerStack.vue; components/banners/BannerStack.vue"
"V1Banner","local","@/components/banners/V1Banner.vue",2,"component","components/banners/BannerStack.vue; components/banners/BannerStack.vue"
"EmailConfirmationBanner","local","@/components/banners/EmailConfirmationBanner.vue",2,"component","components/banners/BannerStack.vue; components/banners/BannerStack.vue"
"ContextMenu","local","@/components/ContextMenu/ContextMenu.vue",2,"component","components/canvas/Canvas.vue; components/canvas/Canvas.vue"
"CanvasBackground","local","@/components/canvas/elements/background/CanvasBackground.vue",2,"component","components/canvas/elements/background/CanvasBackground.test.ts; components/canvas/elements/background/CanvasBackground.test.ts"
"TidyUpIcon","local","@/components/TidyUpIcon.vue",2,"component","components/canvas/elements/buttons/CanvasControlButtons.vue; components/canvas/elements/buttons/CanvasControlButtons.vue"
"CanvasEdgeToolbar","local","./CanvasEdgeToolbar.vue",2,"component","components/canvas/elements/edges/CanvasEdge.vue; components/canvas/elements/edges/CanvasEdgeToolbar.test.ts"
"CanvasHandlePlus","local","@/components/canvas/elements/handles/render-types/parts/CanvasHandlePlus.vue",2,"component","components/canvas/elements/handles/render-types/CanvasHandleNonMainInput.vue; components/canvas/elements/handles/render-types/CanvasHandleNonMainInput.vue"
"CanvasNode","local","@/components/canvas/elements/nodes/CanvasNode.vue",2,"component","components/canvas/elements/nodes/CanvasNode.test.ts; components/canvas/elements/nodes/CanvasNode.test.ts"
"CanvasNodeTrigger","local","@/components/canvas/elements/nodes/render-types/parts/CanvasNodeTrigger.vue",2,"component","components/canvas/elements/nodes/CanvasNode.vue; components/canvas/elements/nodes/CanvasNode.vue"
"CanvasNodeAddNodes","local","@/components/canvas/elements/nodes/render-types/CanvasNodeAddNodes.vue",2,"component","components/canvas/elements/nodes/CanvasNodeRenderer.vue; components/canvas/elements/nodes/CanvasNodeRenderer.vue"
"CanvasNodeAIPrompt","local","@/components/canvas/elements/nodes/render-types/CanvasNodeAIPrompt.vue",2,"component","components/canvas/elements/nodes/CanvasNodeRenderer.vue; components/canvas/elements/nodes/CanvasNodeRenderer.vue"
"CanvasNodeDisabledStrikeThrough","local","@/components/canvas/elements/nodes/render-types/parts/CanvasNodeDisabledStrikeThrough.vue",2,"component","components/canvas/elements/nodes/render-types/parts/CanvasNodeDisabledStrikeThrough.test.ts; components/canvas/elements/nodes/render-types/parts/CanvasNodeDisabledStrikeThrough.test.ts"
"CanvasNodeStickyColorSelector","local","@/components/canvas/elements/nodes/toolbar/CanvasNodeStickyColorSelector.vue",2,"component","components/canvas/elements/nodes/toolbar/CanvasNodeStickyColorSelector.test.ts; components/canvas/elements/nodes/toolbar/CanvasNodeStickyColorSelector.test.ts"
"ExecutionsList","local","@/components/executions/global/GlobalExecutionsList.vue",2,"component","components/executions/global/GlobalExecutionsList.test.ts; components/executions/global/GlobalExecutionsList.test.ts"
"AnimatedSpinner","local","@/components/AnimatedSpinner.vue",2,"component","components/executions/global/GlobalExecutionsListItem.vue; components/executions/global/GlobalExecutionsListItem.vue"
"GlobalExecutionsListItemQueuedTooltip","local","@/components/executions/global/GlobalExecutionsListItemQueuedTooltip.vue",2,"component","components/executions/global/GlobalExecutionsListItemQueuedTooltip.test.ts; components/executions/global/GlobalExecutionsListItemQueuedTooltip.test.ts"
"VoteButtons","local","@/components/executions/workflow/VoteButtons.vue",2,"component","components/executions/workflow/WorkflowExecutionAnnotationPanel.ee.vue; components/executions/workflow/WorkflowExecutionAnnotationPanel.ee.vue"
"WorkflowExecutionsPreview","local","@/components/executions/workflow/WorkflowExecutionsPreview.vue",2,"component","components/executions/workflow/WorkflowExecutionsPreview.test.ts; components/executions/workflow/WorkflowExecutionsPreview.test.ts"
"WorkflowExecutionAnnotationPanel","local","@/components/executions/workflow/WorkflowExecutionAnnotationPanel.ee.vue",2,"component","components/executions/workflow/WorkflowExecutionsPreview.vue; components/executions/workflow/WorkflowExecutionsPreview.vue"
"WorkflowExecutionsInfoAccordion","local","@/components/executions/workflow/WorkflowExecutionsInfoAccordion.vue",2,"component","components/executions/workflow/WorkflowExecutionsSidebar.vue; components/executions/workflow/WorkflowExecutionsSidebar.vue"
"PageViewLayout","local","@/components/layouts/PageViewLayout.vue",2,"component","components/layouts/ResourcesListLayout.vue; components/layouts/ResourcesListLayout.vue"
"PageViewLayoutList","local","@/components/layouts/PageViewLayoutList.vue",2,"component","components/layouts/ResourcesListLayout.vue; components/layouts/ResourcesListLayout.vue"
"ResourceFiltersDropdown","local","@/components/forms/ResourceFiltersDropdown.vue",2,"component","components/layouts/ResourcesListLayout.vue; components/layouts/ResourcesListLayout.vue"
"EvaluationRootView","local","../EvaluationsRootView.vue",1,"view","views/Evaluations.ee/tests/EvaluationsRootView.test.ts"
"SettingsApiView","local","./SettingsApiView.vue",1,"view","views/SettingsApiView.test.ts"
"IconSuccess","local","./IconSuccess.vue",1,"view","views/SetupWorkflowFromTemplateView/SetupTemplateFormStep.vue"
"AppsRequiringCredsNotice","local","./AppsRequiringCredsNotice.vue",1,"view","views/SetupWorkflowFromTemplateView/SetupWorkflowFromTemplateView.vue"
"SetupTemplateFormStep","local","./SetupTemplateFormStep.vue",1,"view","views/SetupWorkflowFromTemplateView/SetupWorkflowFromTemplateView.vue"
"TemplatesView","local","../TemplatesView.vue",1,"view","views/SetupWorkflowFromTemplateView/SetupWorkflowFromTemplateView.vue"
"MfaView","local","./MfaView.vue",1,"view","views/SigninView.vue"
"ApiKeyEditModal","local","./ApiKeyCreateOrEditModal.vue",1,"component","components/ApiKeyCreateOrEditModal.test.ts"
"AskAssistantBuild","local","./AskAssistantBuild.vue",1,"component","components/AskAssistant/Agent/AskAssistantBuild.test.ts"
"AskAssistantBuild","local","./Agent/AskAssistantBuild.vue",1,"component","components/AskAssistant/AssistantsHub.vue"
"AskAssistantChat","local","./Chat/AskAssistantChat.vue",1,"component","components/AskAssistant/AssistantsHub.vue"
"AssistantAvatar","design-system","@n8n/design-system/components/AskAssistantAvatar/AssistantAvatar.vue",1,"component","components/AskAssistant/Chat/AskAssistantFloatingButton.vue"
"AskAssistantButton","design-system","@n8n/design-system/components/AskAssistantButton/AskAssistantButton.vue",1,"component","components/AskAssistant/Chat/AskAssistantFloatingButton.vue"
"AssistantIcon","design-system","@n8n/design-system/components/AskAssistantIcon/AssistantIcon.vue",1,"component","components/AskAssistant/Chat/NewAssistantSessionModal.vue"
"AssistantText","design-system","@n8n/design-system/components/AskAssistantText/AssistantText.vue",1,"component","components/AskAssistant/Chat/NewAssistantSessionModal.vue"
"AssignmentCollection","local","./AssignmentCollection.vue",1,"component","components/AssignmentCollection/AssignmentCollection.test.ts"
"DropArea","local","../DropArea/DropArea.vue",1,"component","components/AssignmentCollection/AssignmentCollection.vue"
"ParameterOptions","local","../ParameterOptions.vue",1,"component","components/AssignmentCollection/AssignmentCollection.vue"
"CanvasChat","local","./CanvasChat.vue",1,"component","components/CanvasChat/CanvasChat.test.ts"
"ChatMessagesPanel","local","./components/ChatMessagesPanel.vue",1,"component","components/CanvasChat/CanvasChat.vue"
"ChatLogsPanel","local","./components/ChatLogsPanel.vue",1,"component","components/CanvasChat/CanvasChat.vue"
"MessageOptionTooltip","local","./MessageOptionTooltip.vue",1,"component","components/CanvasChat/components/ChatMessagesPanel.vue"
"MessageOptionAction","local","./MessageOptionAction.vue",1,"component","components/CanvasChat/components/ChatMessagesPanel.vue"
"LogDetailsPanel","local","./LogDetailsPanel.vue",1,"component","components/CanvasChat/future/components/LogDetailsPanel.test.ts"
"LogsOverviewPanel","local","./LogsOverviewPanel.vue",1,"component","components/CanvasChat/future/components/LogsOverviewPanel.test.ts"
"AskAI","local","./AskAI/AskAI.vue",1,"component","components/CodeNodeEditor/CodeNodeEditor.vue"
"CollectionParameter","local","./CollectionParameter.vue",1,"component","components/CollectionParameter.test.ts"
"CommunityPackageInstallModal","local","./CommunityPackageInstallModal.vue",1,"component","components/CommunityPackageInstallModal.test.ts"
"CredentialConfig","local","./CredentialEdit/CredentialConfig.vue",1,"component","components/CredentialConfig.test.ts"
"Banner","local","../Banner.vue",1,"component","components/CredentialEdit/CredentialConfig.vue"
"CopyInput","local","../CopyInput.vue",1,"component","components/CredentialEdit/CredentialConfig.vue"
"CredentialInputs","local","./CredentialInputs.vue",1,"component","components/CredentialEdit/CredentialConfig.vue"
"OauthButton","local","./OauthButton.vue",1,"component","components/CredentialEdit/CredentialConfig.vue"
"TimeAgo","local","../TimeAgo.vue",1,"component","components/CredentialEdit/CredentialInfo.vue"
"ParameterInputExpanded","local","../ParameterInputExpanded.vue",1,"component","components/CredentialEdit/CredentialInputs.vue"
"CredentialPicker","local","./CredentialPicker.vue",1,"component","components/CredentialPicker/CredentialPicker.test.ts"
"CredentialsDropdown","local","./CredentialsDropdown.vue",1,"component","components/CredentialPicker/CredentialPicker.vue"
"DeleteUserModal","local","./DeleteUserModal.vue",1,"component","components/DeleteUserModal.test.ts"
"DropArea","local","./DropArea.vue",1,"component","components/DropArea/DropArea.test.ts"
"TestTableBase","local","../shared/TestTableBase.vue",1,"component","components/Evaluations.ee/ListRuns/TestRunsTable.vue"
"StepHeader","local","../shared/StepHeader.vue",1,"component","components/Evaluations.ee/SetupWizard/SetupWizard.vue"
"StepIndicator","local","./StepIndicator.vue",1,"component","components/Evaluations.ee/shared/StepHeader.vue"
"ExpressionOutput","local","./InlineExpressionEditor/ExpressionOutput.vue",1,"component","components/ExpressionEditModal.vue"
"OutputItemSelect","local","./InlineExpressionEditor/OutputItemSelect.vue",1,"component","components/ExpressionEditModal.vue"
"DraggableTarget","local","./DraggableTarget.vue",1,"component","components/ExpressionEditModal.vue"
"OperatorSelect","local","./OperatorSelect.vue",1,"component","components/FilterConditions/Condition.vue"
"Condition","local","./Condition.vue",1,"component","components/FilterConditions/FilterConditions.vue"
"CombinatorSelect","local","./CombinatorSelect.vue",1,"component","components/FilterConditions/FilterConditions.vue"
"FolderBreadcrumbs","local","./FolderBreadcrumbs.vue",1,"component","components/Folders/FolderBreadcrumbs.test.ts"
"type PathItem ","design-system","@n8n/design-system/components/N8nBreadcrumbs/Breadcrumbs.vue",1,"component","components/Folders/FolderBreadcrumbs.vue"
"FolderCard","local","./FolderCard.vue",1,"component","components/Folders/FolderCard.test.ts"
"MoveToFolderModal","local","./MoveToFolderModal.vue",1,"component","components/Folders/MoveToFolderModal.test.ts"
"MoveToFolderDropdown","local","./MoveToFolderDropdown.vue",1,"component","components/Folders/MoveToFolderModal.vue"
"ProjectBreadcrumb","local","./ProjectBreadcrumb.vue",1,"component","components/Folders/ProjectBreadcrumb.test.ts"
"ImportWorkflowUrlModal","local","./ImportWorkflowUrlModal.vue",1,"component","components/ImportWorkflowUrlModal.test.ts"
"InlineExpressionEditorOutput","local","./InlineExpressionEditorOutput.vue",1,"component","components/InlineExpressionEditor/InlineExpressionEditorOutput.test.ts"
"ExpressionOutput","local","./ExpressionOutput.vue",1,"component","components/InlineExpressionEditor/InlineExpressionEditorOutput.vue"
"OutputItemSelect","local","./OutputItemSelect.vue",1,"component","components/InlineExpressionEditor/InlineExpressionEditorOutput.vue"
"InlineExpressionTip","local","./InlineExpressionTip.vue",1,"component","components/InlineExpressionEditor/InlineExpressionEditorOutput.vue"
"InputNodeSelect","local","./InputNodeSelect.vue",1,"component","components/InputPanel.vue"
"WireMeUp","local","./WireMeUp.vue",1,"component","components/InputPanel.vue"
"InputTriple","local","./InputTriple.vue",1,"component","components/InputTriple/InputTriple.test.ts"
"Logo","local","../Logo.vue",1,"component","components/Logo/__tests__/Logo.test.ts"
"Logo","local","./Logo/Logo.vue",1,"component","components/MainSidebar.vue"
"PromptMfaCodeModal","local","./PromptMfaCodeModal/PromptMfaCodeModal.vue",1,"component","components/Modals.vue"
"MultipleParameter","local","./MultipleParameter.vue",1,"component","components/MultipleParameter.test.ts"
"PanelDragButton","local","./PanelDragButton.vue",1,"component","components/NDVDraggablePanels.vue"
"CategoryItem","local","./ItemTypes/CategoryItem.vue",1,"component","components/Node/NodeCreator/CategoryItem.test.ts"
"OrderSwitcher","local","./../OrderSwitcher.vue",1,"component","components/Node/NodeCreator/Modes/ActionsMode.vue"
"CommunityNodeInfo","local","../Panel/CommunityNodeInfo.vue",1,"component","components/Node/NodeCreator/Modes/ActionsMode.vue"
"CommunityNodeFooter","local","../Panel/CommunityNodeFooter.vue",1,"component","components/Node/NodeCreator/Modes/ActionsMode.vue"
"NoResults","local","../Panel/NoResults.vue",1,"component","components/Node/NodeCreator/Modes/NodesMode.vue"
"N8nIconButton","design-system","@n8n/design-system/components/N8nIconButton/IconButton.vue",1,"component","components/Node/NodeCreator/NodeCreator.vue"
"NoResultsIcon","local","./NoResultsIcon.vue",1,"component","components/Node/NodeCreator/Panel/NoResults.vue"
"SearchBar","local","./SearchBar.vue",1,"component","components/Node/NodeCreator/Panel/NodesListPanel.vue"
"ActionsRenderer","local","../Modes/ActionsMode.vue",1,"component","components/Node/NodeCreator/Panel/NodesListPanel.vue"
"NodesRenderer","local","../Modes/NodesMode.vue",1,"component","components/Node/NodeCreator/Panel/NodesListPanel.vue"
"CommunityNodeDocsLink","local","./CommunityNodeDocsLink.vue",1,"component","components/Node/NodeCreator/Panel/NodesListPanel.vue"
"ItemsRenderer","local","./ItemsRenderer.vue",1,"component","components/Node/NodeCreator/Renderers/CategorizedItemsRenderer.vue"
"CategoryItem","local","../ItemTypes/CategoryItem.vue",1,"component","components/Node/NodeCreator/Renderers/CategorizedItemsRenderer.vue"
"NodeItem","local","../ItemTypes/NodeItem.vue",1,"component","components/Node/NodeCreator/Renderers/ItemsRenderer.vue"
"SubcategoryItem","local","../ItemTypes/SubcategoryItem.vue",1,"component","components/Node/NodeCreator/Renderers/ItemsRenderer.vue"
"LabelItem","local","../ItemTypes/LabelItem.vue",1,"component","components/Node/NodeCreator/Renderers/ItemsRenderer.vue"
"ActionItem","local","../ItemTypes/ActionItem.vue",1,"component","components/Node/NodeCreator/Renderers/ItemsRenderer.vue"
"ViewItem","local","../ItemTypes/ViewItem.vue",1,"component","components/Node/NodeCreator/Renderers/ItemsRenderer.vue"
"LinkItem","local","../ItemTypes/LinkItem.vue",1,"component","components/Node/NodeCreator/Renderers/ItemsRenderer.vue"
"CommunityNodeItem","local","../ItemTypes/CommunityNodeItem.vue",1,"component","components/Node/NodeCreator/Renderers/ItemsRenderer.vue"
"CategorizedItemsRenderer","local","./CategorizedItemsRenderer.vue",1,"component","components/Node/NodeCreator/Renderers/ItemsRenderer.vue"
"NodeCredentials","local","./NodeCredentials.vue",1,"component","components/NodeCredentials.test.ts"
"NDVDraggablePanels","local","./NDVDraggablePanels.vue",1,"component","components/NodeDetailsView.vue"
"OutputPanel","local","./OutputPanel.vue",1,"component","components/NodeDetailsView.vue"
"InputPanel","local","./InputPanel.vue",1,"component","components/NodeDetailsView.vue"
"TriggerPanel","local","./TriggerPanel.vue",1,"component","components/NodeDetailsView.vue"
"RunInfo","local","./RunInfo.vue",1,"component","components/OutputPanel.vue"
"RunDataAi","local","./RunDataAi/RunDataAi.vue",1,"component","components/OutputPanel.vue"
"CssEditor","local","./CssEditor/CssEditor.vue",1,"component","components/ParameterInput.vue"
"ParameterInputFull","local","./ParameterInputFull.vue",1,"component","components/ParameterInputFull.test.ts"
"ParameterOverrideSelectableList","local","./ParameterOverrideSelectableList.vue",1,"component","components/ParameterInputOverrides/ParameterOverrideSelectableList.test.ts"
"Modal","local","../Modal.vue",1,"component","components/PromptMfaCodeModal/PromptMfaCodeModal.vue"
"ResourceLocator","local","./ResourceLocator.vue",1,"component","components/ResourceLocator/ResourceLocator.test.ts"
"ResourceLocatorDropdown","local","./ResourceLocatorDropdown.vue",1,"component","components/ResourceLocator/ResourceLocator.vue"
"ResourceMapper","local","./ResourceMapper.vue",1,"component","components/ResourceMapper/ResourceMapper.test.ts"
"MappingModeSelect","local","./MappingModeSelect.vue",1,"component","components/ResourceMapper/ResourceMapper.vue"
"MatchingColumnsSelect","local","./MatchingColumnsSelect.vue",1,"component","components/ResourceMapper/ResourceMapper.vue"
"MappingFields","local","./MappingFields.vue",1,"component","components/ResourceMapper/ResourceMapper.vue"
"ViewSubExecution","local","./ViewSubExecution.vue",1,"component","components/RunData.vue"
"RunDataAiContent","local","./RunDataAiContent.vue",1,"component","components/RunDataAi/RunDataAi.vue"
"AiRunContentBlock","local","./AiRunContentBlock.vue",1,"component","components/RunDataAi/RunDataAiContent.vue"
"ViewSubExecution","local","../ViewSubExecution.vue",1,"component","components/RunDataAi/RunDataAiContent.vue"
"RunDataJsonActions","local","./RunDataJsonActions.vue",1,"component","components/RunDataJsonActions.test.ts"
"SourceControlPullModalEe","local","./SourceControlPullModal.ee.vue",1,"component","components/SourceControlPullModal.ee.test.ts"
"IntersectionObserver","local","./IntersectionObserver.vue",1,"component","components/TagsContainer.vue"
"IntersectionObserved","local","./IntersectionObserved.vue",1,"component","components/TagsContainer.vue"
"Telemetry","local","./Telemetry.vue",1,"component","components/Telemetry.test.ts"
"NodeList","local","./NodeList.vue",1,"component","components/TemplateCard.vue"
"TemplateCard","local","./TemplateCard.vue",1,"component","components/TemplateList.vue"
"ModalDrawer","local","./ModalDrawer.vue",1,"component","components/UpdatesPanel.vue"
"VersionCard","local","./VersionCard.vue",1,"component","components/UpdatesPanel.vue"
"Badge","local","./Badge.vue",1,"component","components/VersionCard.vue"
"WarningTooltip","local","./WarningTooltip.vue",1,"component","components/VersionCard.vue"
"WorkerCard","local","./Workers/WorkerCard.ee.vue",1,"component","components/WorkerList.ee.vue"
"WorkerJobAccordion","local","./WorkerJobAccordion.ee.vue",1,"component","components/Workers/WorkerCard.ee.vue"
"WorkerNetAccordion","local","./WorkerNetAccordion.ee.vue",1,"component","components/Workers/WorkerCard.ee.vue"
"WorkerChartsAccordion","local","./WorkerChartsAccordion.ee.vue",1,"component","components/Workers/WorkerCard.ee.vue"
"WorkflowActivationErrorMessage","local","./WorkflowActivationErrorMessage.vue",1,"component","components/WorkflowActivator.vue"
"TagsContainer","local","./TagsContainer.vue",1,"component","components/WorkflowTagsContainer.vue"
"V1Banner","local","./V1Banner.vue",1,"component","components/banners/V1Banner.test.ts"
"CanvasBackground","local","./elements/background/CanvasBackground.vue",1,"component","components/canvas/Canvas.vue"
"CanvasArrowHeadMarker","local","./elements/edges/CanvasArrowHeadMarker.vue",1,"component","components/canvas/Canvas.vue"
"Edge","local","./elements/edges/CanvasEdge.vue",1,"component","components/canvas/Canvas.vue"
"Node","local","./elements/nodes/CanvasNode.vue",1,"component","components/canvas/Canvas.vue"
"CanvasBackgroundStripedPattern","local","./CanvasBackgroundStripedPattern.vue",1,"component","components/canvas/elements/background/CanvasBackground.vue"
"CanvasChatButton","local","./CanvasChatButton.vue",1,"component","components/canvas/elements/buttons/CanvasChatButton.test.ts"
"CanvasClearExecutionDataButton","local","./CanvasClearExecutionDataButton.vue",1,"component","components/canvas/elements/buttons/CanvasClearExecutionDataButton.test.ts"
"CanvasControlButtons","local","./CanvasControlButtons.vue",1,"component","components/canvas/elements/buttons/CanvasControlButtons.test.ts"
"CanvasRunWorkflowButton","local","./CanvasRunWorkflowButton.vue",1,"component","components/canvas/elements/buttons/CanvasRunWorkflowButton.test.ts"
"CanvasStopCurrentExecutionButton","local","./CanvasStopCurrentExecutionButton.vue",1,"component","components/canvas/elements/buttons/CanvasStopCurrentExecutionButton.test.ts"
"CanvasStopWaitingForWebhookButton","local","./CanvasStopWaitingForWebhookButton.vue",1,"component","components/canvas/elements/buttons/CanvasStopWaitingForWebhookButton.test.ts"
"CanvasConnectionLine","local","./CanvasConnectionLine.vue",1,"component","components/canvas/elements/edges/CanvasConnectionLine.test.ts"
"CanvasHandleDiamond","local","./CanvasHandleDiamond.vue",1,"component","components/canvas/elements/handles/render-types/parts/CanvasHandleDiamond.test.ts"
"CanvasHandleDot","local","./CanvasHandleDot.vue",1,"component","components/canvas/elements/handles/render-types/parts/CanvasHandleDot.test.ts"
"CanvasHandlePlus","local","./CanvasHandlePlus.vue",1,"component","components/canvas/elements/handles/render-types/parts/CanvasHandlePlus.test.ts"
"CanvasHandleRectangle","local","./CanvasHandleRectangle.vue",1,"component","components/canvas/elements/handles/render-types/parts/CanvasHandleRectangle.test.ts"
"CanvasNodeStatusIcons","local","./CanvasNodeStatusIcons.vue",1,"component","components/canvas/elements/nodes/render-types/parts/CanvasNodeStatusIcons.test.ts"
"CanvasNodeTooltip","local","./CanvasNodeTooltip.vue",1,"component","components/canvas/elements/nodes/render-types/parts/CanvasNodeTooltip.test.ts"
"WorkflowExecutionsInfoAccordion","local","./WorkflowExecutionsInfoAccordion.vue",1,"component","components/executions/workflow/WorkflowExecutionsLandingPage.vue"
