Node Type,Category Slug,Category Name,Policy ID,Policy Type,Policy Scope,Status,Projects
CUSTOM.akeylessVault,"",(Unassigned),"",default,"",Allowed (Default),All
CUSTOM.embeddingsAzureOpenAi,"",(Unassigned),"",default,"",Allowed (Default),All
CUSTOM.mcpCoordinator,"",(Unassigned),"",default,"",Allowed (Default),All
CUSTOM.mcpToolExecutor,"",(Unassigned),"",default,"",Allowed (Default),All
@mendable/n8n-nodes-firecrawl.firecrawl,google-nodes,Google,aOTcHBzHcbr65XUf,block,global,Blocked,All (Global)
@n8n/n8n-nodes-langchain.agent,core-essential,Core Essential,NnSLNvhrasoOU2hB,allow,global,Allowed,All (Global)
@n8n/n8n-nodes-langchain.agentTool,core-essential,Core Essential,NnSLNvhrasoOU2hB,allow,global,Allowed,All (Global)
@n8n/n8n-nodes-langchain.anthropic,general-block,Blocked External,xxQ7dpvL7pPX1wOS,block,global,Blocked,All (Global)
@n8n/n8n-nodes-langchain.anthropicTool,general-block,Blocked External,xxQ7dpvL7pPX1wOS,block,global,Blocked,All (Global)
@n8n/n8n-nodes-langchain.chainLlm,core-essential,Core Essential,NnSLNvhrasoOU2hB,allow,global,Allowed,All (Global)
@n8n/n8n-nodes-langchain.chainRetrievalQa,core-essential,Core Essential,NnSLNvhrasoOU2hB,allow,global,Allowed,All (Global)
@n8n/n8n-nodes-langchain.chainSummarization,core-essential,Core Essential,NnSLNvhrasoOU2hB,allow,global,Allowed,All (Global)
@n8n/n8n-nodes-langchain.chat,core-essential,Core Essential,NnSLNvhrasoOU2hB,allow,global,Allowed,All (Global)
@n8n/n8n-nodes-langchain.chatTool,core-essential,Core Essential,NnSLNvhrasoOU2hB,allow,global,Allowed,All (Global)
@n8n/n8n-nodes-langchain.chatTrigger,core-essential,Core Essential,NnSLNvhrasoOU2hB,allow,global,Allowed,All (Global)
@n8n/n8n-nodes-langchain.code,core-essential,Core Essential,NnSLNvhrasoOU2hB,allow,global,Allowed,All (Global)
@n8n/n8n-nodes-langchain.documentBinaryInputLoader,core-essential,Core Essential,NnSLNvhrasoOU2hB,allow,global,Allowed,All (Global)
@n8n/n8n-nodes-langchain.documentDefaultDataLoader,core-essential,Core Essential,NnSLNvhrasoOU2hB,allow,global,Allowed,All (Global)
@n8n/n8n-nodes-langchain.documentGithubLoader,core-essential,Core Essential,NnSLNvhrasoOU2hB,allow,global,Allowed,All (Global)
@n8n/n8n-nodes-langchain.documentJsonInputLoader,core-essential,Core Essential,NnSLNvhrasoOU2hB,allow,global,Allowed,All (Global)
@n8n/n8n-nodes-langchain.embeddingsAwsBedrock,aws-external,AWS,GJJfbM5jylNYBGtt,allow,global,Allowed,All (Global)
@n8n/n8n-nodes-langchain.embeddingsAzureOpenAi,azure-microsoft,Azure/Microsoft,EFyDOBbSjgZ8ReYf,allow,global,Allowed,All (Global)
@n8n/n8n-nodes-langchain.embeddingsCohere,general-block,Blocked External,xxQ7dpvL7pPX1wOS,block,global,Blocked,All (Global)
@n8n/n8n-nodes-langchain.embeddingsGoogleGemini,google-nodes,Google,aOTcHBzHcbr65XUf,block,global,Blocked,All (Global)
@n8n/n8n-nodes-langchain.embeddingsGoogleVertex,google-nodes,Google,aOTcHBzHcbr65XUf,block,global,Blocked,All (Global)
@n8n/n8n-nodes-langchain.embeddingsHuggingFaceInference,general-block,Blocked External,xxQ7dpvL7pPX1wOS,block,global,Blocked,All (Global)
@n8n/n8n-nodes-langchain.embeddingsLemonade,general-block,Blocked External,xxQ7dpvL7pPX1wOS,block,global,Blocked,All (Global)
@n8n/n8n-nodes-langchain.embeddingsMistralCloud,general-block,Blocked External,xxQ7dpvL7pPX1wOS,block,global,Blocked,All (Global)
@n8n/n8n-nodes-langchain.embeddingsOllama,general-block,Blocked External,xxQ7dpvL7pPX1wOS,block,global,Blocked,All (Global)
@n8n/n8n-nodes-langchain.embeddingsOpenAi,core-essential,Core Essential,NnSLNvhrasoOU2hB,allow,global,Allowed,All (Global)
@n8n/n8n-nodes-langchain.googleGemini,google-nodes,Google,aOTcHBzHcbr65XUf,block,global,Blocked,All (Global)
@n8n/n8n-nodes-langchain.googleGeminiTool,google-nodes,Google,aOTcHBzHcbr65XUf,block,global,Blocked,All (Global)
@n8n/n8n-nodes-langchain.guardrails,core-essential,Core Essential,NnSLNvhrasoOU2hB,allow,global,Allowed,All (Global)
@n8n/n8n-nodes-langchain.informationExtractor,core-essential,Core Essential,NnSLNvhrasoOU2hB,allow,global,Allowed,All (Global)
@n8n/n8n-nodes-langchain.lmChatAnthropic,general-block,Blocked External,xxQ7dpvL7pPX1wOS,block,global,Blocked,All (Global)
@n8n/n8n-nodes-langchain.lmChatAwsBedrock,aws-external,AWS,GJJfbM5jylNYBGtt,allow,global,Allowed,All (Global)
@n8n/n8n-nodes-langchain.lmChatAzureOpenAi,azure-microsoft,Azure/Microsoft,EFyDOBbSjgZ8ReYf,allow,global,Allowed,All (Global)
@n8n/n8n-nodes-langchain.lmChatCohere,general-block,Blocked External,xxQ7dpvL7pPX1wOS,block,global,Blocked,All (Global)
@n8n/n8n-nodes-langchain.lmChatDeepSeek,general-block,Blocked External,xxQ7dpvL7pPX1wOS,block,global,Blocked,All (Global)
@n8n/n8n-nodes-langchain.lmChatGoogleGemini,google-nodes,Google,aOTcHBzHcbr65XUf,block,global,Blocked,All (Global)
@n8n/n8n-nodes-langchain.lmChatGoogleVertex,google-nodes,Google,aOTcHBzHcbr65XUf,block,global,Blocked,All (Global)
@n8n/n8n-nodes-langchain.lmChatGroq,general-block,Blocked External,xxQ7dpvL7pPX1wOS,block,global,Blocked,All (Global)
@n8n/n8n-nodes-langchain.lmChatLemonade,general-block,Blocked External,xxQ7dpvL7pPX1wOS,block,global,Blocked,All (Global)
@n8n/n8n-nodes-langchain.lmChatMistralCloud,general-block,Blocked External,xxQ7dpvL7pPX1wOS,block,global,Blocked,All (Global)
@n8n/n8n-nodes-langchain.lmChatOllama,general-block,Blocked External,xxQ7dpvL7pPX1wOS,block,global,Blocked,All (Global)
@n8n/n8n-nodes-langchain.lmChatOpenAi,core-essential,Core Essential,NnSLNvhrasoOU2hB,allow,global,Allowed,All (Global)
@n8n/n8n-nodes-langchain.lmChatOpenRouter,general-block,Blocked External,xxQ7dpvL7pPX1wOS,block,global,Blocked,All (Global)
@n8n/n8n-nodes-langchain.lmChatVercelAiGateway,general-block,Blocked External,xxQ7dpvL7pPX1wOS,block,global,Blocked,All (Global)
@n8n/n8n-nodes-langchain.lmChatXAiGrok,general-block,Blocked External,xxQ7dpvL7pPX1wOS,block,global,Blocked,All (Global)
@n8n/n8n-nodes-langchain.lmCohere,general-block,Blocked External,xxQ7dpvL7pPX1wOS,block,global,Blocked,All (Global)
@n8n/n8n-nodes-langchain.lmLemonade,general-block,Blocked External,xxQ7dpvL7pPX1wOS,block,global,Blocked,All (Global)
@n8n/n8n-nodes-langchain.lmOllama,general-block,Blocked External,xxQ7dpvL7pPX1wOS,block,global,Blocked,All (Global)
@n8n/n8n-nodes-langchain.lmOpenAi,core-essential,Core Essential,NnSLNvhrasoOU2hB,allow,global,Allowed,All (Global)
@n8n/n8n-nodes-langchain.lmOpenHuggingFaceInference,general-block,Blocked External,xxQ7dpvL7pPX1wOS,block,global,Blocked,All (Global)
@n8n/n8n-nodes-langchain.manualChatTrigger,core-essential,Core Essential,NnSLNvhrasoOU2hB,allow,global,Allowed,All (Global)
@n8n/n8n-nodes-langchain.mcpClient,core-essential,Core Essential,NnSLNvhrasoOU2hB,allow,global,Allowed,All (Global)
@n8n/n8n-nodes-langchain.mcpClientTool,core-essential,Core Essential,NnSLNvhrasoOU2hB,allow,global,Allowed,All (Global)
@n8n/n8n-nodes-langchain.mcpTrigger,core-essential,Core Essential,NnSLNvhrasoOU2hB,allow,global,Allowed,All (Global)
@n8n/n8n-nodes-langchain.memoryBufferWindow,core-essential,Core Essential,NnSLNvhrasoOU2hB,allow,global,Allowed,All (Global)
@n8n/n8n-nodes-langchain.memoryChatRetriever,core-essential,Core Essential,NnSLNvhrasoOU2hB,allow,global,Allowed,All (Global)
@n8n/n8n-nodes-langchain.memoryManager,core-essential,Core Essential,NnSLNvhrasoOU2hB,allow,global,Allowed,All (Global)
@n8n/n8n-nodes-langchain.memoryMongoDbChat,core-essential,Core Essential,NnSLNvhrasoOU2hB,allow,global,Allowed,All (Global)
@n8n/n8n-nodes-langchain.memoryMotorhead,core-essential,Core Essential,NnSLNvhrasoOU2hB,allow,global,Allowed,All (Global)
@n8n/n8n-nodes-langchain.memoryPostgresChat,core-essential,Core Essential,NnSLNvhrasoOU2hB,allow,global,Allowed,All (Global)
@n8n/n8n-nodes-langchain.memoryRedisChat,core-essential,Core Essential,NnSLNvhrasoOU2hB,allow,global,Allowed,All (Global)
@n8n/n8n-nodes-langchain.memoryXata,core-essential,Core Essential,NnSLNvhrasoOU2hB,allow,global,Allowed,All (Global)
@n8n/n8n-nodes-langchain.memoryZep,core-essential,Core Essential,NnSLNvhrasoOU2hB,allow,global,Allowed,All (Global)
@n8n/n8n-nodes-langchain.modelSelector,core-essential,Core Essential,NnSLNvhrasoOU2hB,allow,global,Allowed,All (Global)
@n8n/n8n-nodes-langchain.ollama,general-block,Blocked External,xxQ7dpvL7pPX1wOS,block,global,Blocked,All (Global)
@n8n/n8n-nodes-langchain.ollamaTool,general-block,Blocked External,xxQ7dpvL7pPX1wOS,block,global,Blocked,All (Global)
@n8n/n8n-nodes-langchain.openAi,core-essential,Core Essential,NnSLNvhrasoOU2hB,allow,global,Allowed,All (Global)
@n8n/n8n-nodes-langchain.openAiAssistant,core-essential,Core Essential,NnSLNvhrasoOU2hB,allow,global,Allowed,All (Global)
@n8n/n8n-nodes-langchain.outputParserAutofixing,core-essential,Core Essential,NnSLNvhrasoOU2hB,allow,global,Allowed,All (Global)
@n8n/n8n-nodes-langchain.outputParserItemList,core-essential,Core Essential,NnSLNvhrasoOU2hB,allow,global,Allowed,All (Global)
@n8n/n8n-nodes-langchain.outputParserStructured,core-essential,Core Essential,NnSLNvhrasoOU2hB,allow,global,Allowed,All (Global)
@n8n/n8n-nodes-langchain.rerankerCohere,general-block,Blocked External,xxQ7dpvL7pPX1wOS,block,global,Blocked,All (Global)
@n8n/n8n-nodes-langchain.retrieverContextualCompression,core-essential,Core Essential,NnSLNvhrasoOU2hB,allow,global,Allowed,All (Global)
@n8n/n8n-nodes-langchain.retrieverMultiQuery,core-essential,Core Essential,NnSLNvhrasoOU2hB,allow,global,Allowed,All (Global)
@n8n/n8n-nodes-langchain.retrieverVectorStore,core-essential,Core Essential,NnSLNvhrasoOU2hB,allow,global,Allowed,All (Global)
@n8n/n8n-nodes-langchain.retrieverWorkflow,core-essential,Core Essential,NnSLNvhrasoOU2hB,allow,global,Allowed,All (Global)
@n8n/n8n-nodes-langchain.sentimentAnalysis,core-essential,Core Essential,NnSLNvhrasoOU2hB,allow,global,Allowed,All (Global)
@n8n/n8n-nodes-langchain.textClassifier,core-essential,Core Essential,NnSLNvhrasoOU2hB,allow,global,Allowed,All (Global)
@n8n/n8n-nodes-langchain.textSplitterCharacterTextSplitter,core-essential,Core Essential,NnSLNvhrasoOU2hB,allow,global,Allowed,All (Global)
@n8n/n8n-nodes-langchain.textSplitterRecursiveCharacterTextSplitter,core-essential,Core Essential,NnSLNvhrasoOU2hB,allow,global,Allowed,All (Global)
@n8n/n8n-nodes-langchain.textSplitterTokenSplitter,core-essential,Core Essential,NnSLNvhrasoOU2hB,allow,global,Allowed,All (Global)
@n8n/n8n-nodes-langchain.toolCalculator,core-essential,Core Essential,NnSLNvhrasoOU2hB,allow,global,Allowed,All (Global)
@n8n/n8n-nodes-langchain.toolCode,core-essential,Core Essential,NnSLNvhrasoOU2hB,allow,global,Allowed,All (Global)
@n8n/n8n-nodes-langchain.toolExecutor,core-essential,Core Essential,NnSLNvhrasoOU2hB,allow,global,Allowed,All (Global)
@n8n/n8n-nodes-langchain.toolHttpRequest,core-essential,Core Essential,NnSLNvhrasoOU2hB,allow,global,Allowed,All (Global)
@n8n/n8n-nodes-langchain.toolSearXng,core-essential,Core Essential,NnSLNvhrasoOU2hB,allow,global,Allowed,All (Global)
@n8n/n8n-nodes-langchain.toolSerpApi,google-nodes,Google,aOTcHBzHcbr65XUf,block,global,Blocked,All (Global)
@n8n/n8n-nodes-langchain.toolThink,core-essential,Core Essential,NnSLNvhrasoOU2hB,allow,global,Allowed,All (Global)
@n8n/n8n-nodes-langchain.toolVectorStore,core-essential,Core Essential,NnSLNvhrasoOU2hB,allow,global,Allowed,All (Global)
@n8n/n8n-nodes-langchain.toolWikipedia,general-block,Blocked External,xxQ7dpvL7pPX1wOS,block,global,Blocked,All (Global)
@n8n/n8n-nodes-langchain.toolWolframAlpha,general-block,Blocked External,xxQ7dpvL7pPX1wOS,block,global,Blocked,All (Global)
@n8n/n8n-nodes-langchain.toolWorkflow,core-essential,Core Essential,NnSLNvhrasoOU2hB,allow,global,Allowed,All (Global)
@n8n/n8n-nodes-langchain.vectorStoreAzureAISearch,general-block,Blocked External,xxQ7dpvL7pPX1wOS,block,global,Blocked,All (Global)
@n8n/n8n-nodes-langchain.vectorStoreChromaDB,core-essential,Core Essential,NnSLNvhrasoOU2hB,allow,global,Allowed,All (Global)
@n8n/n8n-nodes-langchain.vectorStoreInMemory,core-essential,Core Essential,NnSLNvhrasoOU2hB,allow,global,Allowed,All (Global)
@n8n/n8n-nodes-langchain.vectorStoreInMemoryInsert,core-essential,Core Essential,NnSLNvhrasoOU2hB,allow,global,Allowed,All (Global)
@n8n/n8n-nodes-langchain.vectorStoreInMemoryLoad,core-essential,Core Essential,NnSLNvhrasoOU2hB,allow,global,Allowed,All (Global)
@n8n/n8n-nodes-langchain.vectorStoreMilvus,core-essential,Core Essential,NnSLNvhrasoOU2hB,allow,global,Allowed,All (Global)
@n8n/n8n-nodes-langchain.vectorStoreMongoDBAtlas,core-essential,Core Essential,NnSLNvhrasoOU2hB,allow,global,Allowed,All (Global)
@n8n/n8n-nodes-langchain.vectorStorePGVector,core-essential,Core Essential,NnSLNvhrasoOU2hB,allow,global,Allowed,All (Global)
@n8n/n8n-nodes-langchain.vectorStorePinecone,core-essential,Core Essential,NnSLNvhrasoOU2hB,allow,global,Allowed,All (Global)
@n8n/n8n-nodes-langchain.vectorStorePineconeInsert,core-essential,Core Essential,NnSLNvhrasoOU2hB,allow,global,Allowed,All (Global)
@n8n/n8n-nodes-langchain.vectorStorePineconeLoad,core-essential,Core Essential,NnSLNvhrasoOU2hB,allow,global,Allowed,All (Global)
@n8n/n8n-nodes-langchain.vectorStoreQdrant,core-essential,Core Essential,NnSLNvhrasoOU2hB,allow,global,Allowed,All (Global)
@n8n/n8n-nodes-langchain.vectorStoreRedis,core-essential,Core Essential,NnSLNvhrasoOU2hB,allow,global,Allowed,All (Global)
@n8n/n8n-nodes-langchain.vectorStoreSupabase,core-essential,Core Essential,NnSLNvhrasoOU2hB,allow,global,Allowed,All (Global)
@n8n/n8n-nodes-langchain.vectorStoreSupabaseInsert,core-essential,Core Essential,NnSLNvhrasoOU2hB,allow,global,Allowed,All (Global)
@n8n/n8n-nodes-langchain.vectorStoreSupabaseLoad,core-essential,Core Essential,NnSLNvhrasoOU2hB,allow,global,Allowed,All (Global)
@n8n/n8n-nodes-langchain.vectorStoreWeaviate,core-essential,Core Essential,NnSLNvhrasoOU2hB,allow,global,Allowed,All (Global)
@n8n/n8n-nodes-langchain.vectorStoreZep,core-essential,Core Essential,NnSLNvhrasoOU2hB,allow,global,Allowed,All (Global)
@n8n/n8n-nodes-langchain.vectorStoreZepInsert,core-essential,Core Essential,NnSLNvhrasoOU2hB,allow,global,Allowed,All (Global)
@n8n/n8n-nodes-langchain.vectorStoreZepLoad,core-essential,Core Essential,NnSLNvhrasoOU2hB,allow,global,Allowed,All (Global)
n8n-nodes-base.actionNetwork,general-block,Blocked External,xxQ7dpvL7pPX1wOS,block,global,Blocked,All (Global)
n8n-nodes-base.actionNetworkTool,general-block,Blocked External,xxQ7dpvL7pPX1wOS,block,global,Blocked,All (Global)
n8n-nodes-base.activeCampaign,general-block,Blocked External,xxQ7dpvL7pPX1wOS,block,global,Blocked,All (Global)
n8n-nodes-base.activeCampaignTool,general-block,Blocked External,xxQ7dpvL7pPX1wOS,block,global,Blocked,All (Global)
n8n-nodes-base.activeCampaignTrigger,general-block,Blocked External,xxQ7dpvL7pPX1wOS,block,global,Blocked,All (Global)
n8n-nodes-base.acuitySchedulingTrigger,general-block,Blocked External,xxQ7dpvL7pPX1wOS,block,global,Blocked,All (Global)
n8n-nodes-base.adalo,general-block,Blocked External,xxQ7dpvL7pPX1wOS,block,global,Blocked,All (Global)
n8n-nodes-base.adaloTool,general-block,Blocked External,xxQ7dpvL7pPX1wOS,block,global,Blocked,All (Global)
n8n-nodes-base.affinity,general-block,Blocked External,xxQ7dpvL7pPX1wOS,block,global,Blocked,All (Global)
n8n-nodes-base.affinityTool,general-block,Blocked External,xxQ7dpvL7pPX1wOS,block,global,Blocked,All (Global)
n8n-nodes-base.affinityTrigger,general-block,Blocked External,xxQ7dpvL7pPX1wOS,block,global,Blocked,All (Global)
n8n-nodes-base.aggregate,core-essential,Core Essential,NnSLNvhrasoOU2hB,allow,global,Allowed,All (Global)
n8n-nodes-base.agileCrm,general-block,Blocked External,xxQ7dpvL7pPX1wOS,block,global,Blocked,All (Global)
n8n-nodes-base.agileCrmTool,general-block,Blocked External,xxQ7dpvL7pPX1wOS,block,global,Blocked,All (Global)
n8n-nodes-base.airtable,general-block,Blocked External,xxQ7dpvL7pPX1wOS,block,global,Blocked,All (Global)
n8n-nodes-base.airtableTool,general-block,Blocked External,xxQ7dpvL7pPX1wOS,block,global,Blocked,All (Global)
n8n-nodes-base.airtableTrigger,general-block,Blocked External,xxQ7dpvL7pPX1wOS,block,global,Blocked,All (Global)
n8n-nodes-base.airtop,general-block,Blocked External,xxQ7dpvL7pPX1wOS,block,global,Blocked,All (Global)
n8n-nodes-base.airtopTool,general-block,Blocked External,xxQ7dpvL7pPX1wOS,block,global,Blocked,All (Global)
n8n-nodes-base.aiTransform,core-essential,Core Essential,NnSLNvhrasoOU2hB,allow,global,Allowed,All (Global)
n8n-nodes-base.amqp,core-essential,Core Essential,NnSLNvhrasoOU2hB,allow,global,Allowed,All (Global)
n8n-nodes-base.amqpTool,core-essential,Core Essential,NnSLNvhrasoOU2hB,allow,global,Allowed,All (Global)
n8n-nodes-base.amqpTrigger,core-essential,Core Essential,NnSLNvhrasoOU2hB,allow,global,Allowed,All (Global)
n8n-nodes-base.apiTemplateIo,general-block,Blocked External,xxQ7dpvL7pPX1wOS,block,global,Blocked,All (Global)
n8n-nodes-base.apiTemplateIoTool,general-block,Blocked External,xxQ7dpvL7pPX1wOS,block,global,Blocked,All (Global)
n8n-nodes-base.asana,general-block,Blocked External,xxQ7dpvL7pPX1wOS,block,global,Blocked,All (Global)
n8n-nodes-base.asanaTool,general-block,Blocked External,xxQ7dpvL7pPX1wOS,block,global,Blocked,All (Global)
n8n-nodes-base.asanaTrigger,general-block,Blocked External,xxQ7dpvL7pPX1wOS,block,global,Blocked,All (Global)
n8n-nodes-base.autopilot,general-block,Blocked External,xxQ7dpvL7pPX1wOS,block,global,Blocked,All (Global)
n8n-nodes-base.autopilotTool,general-block,Blocked External,xxQ7dpvL7pPX1wOS,block,global,Blocked,All (Global)
n8n-nodes-base.autopilotTrigger,general-block,Blocked External,xxQ7dpvL7pPX1wOS,block,global,Blocked,All (Global)
n8n-nodes-base.awsCertificateManager,aws-external,AWS,GJJfbM5jylNYBGtt,allow,global,Allowed,All (Global)
n8n-nodes-base.awsCognito,aws-external,AWS,GJJfbM5jylNYBGtt,allow,global,Allowed,All (Global)
n8n-nodes-base.awsComprehend,aws-external,AWS,GJJfbM5jylNYBGtt,allow,global,Allowed,All (Global)
n8n-nodes-base.awsDynamoDb,aws-external,AWS,GJJfbM5jylNYBGtt,allow,global,Allowed,All (Global)
n8n-nodes-base.awsElb,aws-external,AWS,GJJfbM5jylNYBGtt,allow,global,Allowed,All (Global)
n8n-nodes-base.awsIam,aws-external,AWS,GJJfbM5jylNYBGtt,allow,global,Allowed,All (Global)
n8n-nodes-base.awsLambda,aws-external,AWS,GJJfbM5jylNYBGtt,allow,global,Allowed,All (Global)
n8n-nodes-base.awsLambdaTool,aws-external,AWS,GJJfbM5jylNYBGtt,allow,global,Allowed,All (Global)
n8n-nodes-base.awsRekognition,aws-external,AWS,GJJfbM5jylNYBGtt,allow,global,Allowed,All (Global)
n8n-nodes-base.awsS3,aws-external,AWS,GJJfbM5jylNYBGtt,allow,global,Allowed,All (Global)
n8n-nodes-base.awsS3Tool,aws-external,AWS,GJJfbM5jylNYBGtt,allow,global,Allowed,All (Global)
n8n-nodes-base.awsSes,aws-external,AWS,GJJfbM5jylNYBGtt,allow,global,Allowed,All (Global)
n8n-nodes-base.awsSesTool,aws-external,AWS,GJJfbM5jylNYBGtt,allow,global,Allowed,All (Global)
n8n-nodes-base.awsSns,aws-external,AWS,GJJfbM5jylNYBGtt,allow,global,Allowed,All (Global)
n8n-nodes-base.awsSnsTool,aws-external,AWS,GJJfbM5jylNYBGtt,allow,global,Allowed,All (Global)
n8n-nodes-base.awsSnsTrigger,aws-external,AWS,GJJfbM5jylNYBGtt,allow,global,Allowed,All (Global)
n8n-nodes-base.awsSqs,aws-external,AWS,GJJfbM5jylNYBGtt,allow,global,Allowed,All (Global)
n8n-nodes-base.awsTextract,aws-external,AWS,GJJfbM5jylNYBGtt,allow,global,Allowed,All (Global)
n8n-nodes-base.awsTextractTool,aws-external,AWS,GJJfbM5jylNYBGtt,allow,global,Allowed,All (Global)
n8n-nodes-base.awsTranscribe,aws-external,AWS,GJJfbM5jylNYBGtt,allow,global,Allowed,All (Global)
n8n-nodes-base.awsTranscribeTool,aws-external,AWS,GJJfbM5jylNYBGtt,allow,global,Allowed,All (Global)
n8n-nodes-base.azureCosmosDb,general-block,Blocked External,xxQ7dpvL7pPX1wOS,block,global,Blocked,All (Global)
n8n-nodes-base.azureStorage,general-block,Blocked External,xxQ7dpvL7pPX1wOS,block,global,Blocked,All (Global)
n8n-nodes-base.bambooHr,general-block,Blocked External,xxQ7dpvL7pPX1wOS,block,global,Blocked,All (Global)
n8n-nodes-base.bambooHrTool,general-block,Blocked External,xxQ7dpvL7pPX1wOS,block,global,Blocked,All (Global)
n8n-nodes-base.bannerbear,general-block,Blocked External,xxQ7dpvL7pPX1wOS,block,global,Blocked,All (Global)
n8n-nodes-base.baserow,general-block,Blocked External,xxQ7dpvL7pPX1wOS,block,global,Blocked,All (Global)
n8n-nodes-base.baserowTool,general-block,Blocked External,xxQ7dpvL7pPX1wOS,block,global,Blocked,All (Global)
n8n-nodes-base.beeminder,general-block,Blocked External,xxQ7dpvL7pPX1wOS,block,global,Blocked,All (Global)
n8n-nodes-base.beeminderTool,general-block,Blocked External,xxQ7dpvL7pPX1wOS,block,global,Blocked,All (Global)
n8n-nodes-base.bitbucketTrigger,core-essential,Core Essential,NnSLNvhrasoOU2hB,allow,global,Allowed,All (Global)
n8n-nodes-base.bitly,general-block,Blocked External,xxQ7dpvL7pPX1wOS,block,global,Blocked,All (Global)
n8n-nodes-base.bitlyTool,general-block,Blocked External,xxQ7dpvL7pPX1wOS,block,global,Blocked,All (Global)
n8n-nodes-base.bitwarden,general-block,Blocked External,xxQ7dpvL7pPX1wOS,block,global,Blocked,All (Global)
n8n-nodes-base.bitwardenTool,general-block,Blocked External,xxQ7dpvL7pPX1wOS,block,global,Blocked,All (Global)
n8n-nodes-base.box,general-block,Blocked External,xxQ7dpvL7pPX1wOS,block,global,Blocked,All (Global)
n8n-nodes-base.boxTrigger,general-block,Blocked External,xxQ7dpvL7pPX1wOS,block,global,Blocked,All (Global)
n8n-nodes-base.Brandfetch,general-block,Blocked External,xxQ7dpvL7pPX1wOS,block,global,Blocked,All (Global)
n8n-nodes-base.BrandfetchTool,general-block,Blocked External,xxQ7dpvL7pPX1wOS,block,global,Blocked,All (Global)
n8n-nodes-base.bubble,general-block,Blocked External,xxQ7dpvL7pPX1wOS,block,global,Blocked,All (Global)
n8n-nodes-base.bubbleTool,general-block,Blocked External,xxQ7dpvL7pPX1wOS,block,global,Blocked,All (Global)
n8n-nodes-base.calendlyTrigger,general-block,Blocked External,xxQ7dpvL7pPX1wOS,block,global,Blocked,All (Global)
n8n-nodes-base.calTrigger,general-block,Blocked External,xxQ7dpvL7pPX1wOS,block,global,Blocked,All (Global)
n8n-nodes-base.chargebee,general-block,Blocked External,xxQ7dpvL7pPX1wOS,block,global,Blocked,All (Global)
n8n-nodes-base.chargebeeTool,general-block,Blocked External,xxQ7dpvL7pPX1wOS,block,global,Blocked,All (Global)
n8n-nodes-base.chargebeeTrigger,general-block,Blocked External,xxQ7dpvL7pPX1wOS,block,global,Blocked,All (Global)
n8n-nodes-base.circleCi,general-block,Blocked External,xxQ7dpvL7pPX1wOS,block,global,Blocked,All (Global)
n8n-nodes-base.circleCiTool,general-block,Blocked External,xxQ7dpvL7pPX1wOS,block,global,Blocked,All (Global)
n8n-nodes-base.ciscoWebex,general-block,Blocked External,xxQ7dpvL7pPX1wOS,block,global,Blocked,All (Global)
n8n-nodes-base.ciscoWebexTool,general-block,Blocked External,xxQ7dpvL7pPX1wOS,block,global,Blocked,All (Global)
n8n-nodes-base.ciscoWebexTrigger,general-block,Blocked External,xxQ7dpvL7pPX1wOS,block,global,Blocked,All (Global)
n8n-nodes-base.citrixAdc,general-block,Blocked External,xxQ7dpvL7pPX1wOS,block,global,Blocked,All (Global)
n8n-nodes-base.clearbit,general-block,Blocked External,xxQ7dpvL7pPX1wOS,block,global,Blocked,All (Global)
n8n-nodes-base.clearbitTool,general-block,Blocked External,xxQ7dpvL7pPX1wOS,block,global,Blocked,All (Global)
n8n-nodes-base.clickUp,general-block,Blocked External,xxQ7dpvL7pPX1wOS,block,global,Blocked,All (Global)
n8n-nodes-base.clickUpTool,general-block,Blocked External,xxQ7dpvL7pPX1wOS,block,global,Blocked,All (Global)
n8n-nodes-base.clickUpTrigger,general-block,Blocked External,xxQ7dpvL7pPX1wOS,block,global,Blocked,All (Global)
n8n-nodes-base.clockify,general-block,Blocked External,xxQ7dpvL7pPX1wOS,block,global,Blocked,All (Global)
n8n-nodes-base.clockifyTool,general-block,Blocked External,xxQ7dpvL7pPX1wOS,block,global,Blocked,All (Global)
n8n-nodes-base.clockifyTrigger,general-block,Blocked External,xxQ7dpvL7pPX1wOS,block,global,Blocked,All (Global)
n8n-nodes-base.cloudflare,general-block,Blocked External,xxQ7dpvL7pPX1wOS,block,global,Blocked,All (Global)
n8n-nodes-base.cloudflareTool,general-block,Blocked External,xxQ7dpvL7pPX1wOS,block,global,Blocked,All (Global)
n8n-nodes-base.cockpit,general-block,Blocked External,xxQ7dpvL7pPX1wOS,block,global,Blocked,All (Global)
n8n-nodes-base.cockpitTool,general-block,Blocked External,xxQ7dpvL7pPX1wOS,block,global,Blocked,All (Global)
n8n-nodes-base.coda,general-block,Blocked External,xxQ7dpvL7pPX1wOS,block,global,Blocked,All (Global)
n8n-nodes-base.codaTool,general-block,Blocked External,xxQ7dpvL7pPX1wOS,block,global,Blocked,All (Global)
n8n-nodes-base.code,core-essential,Core Essential,NnSLNvhrasoOU2hB,allow,global,Allowed,All (Global)
n8n-nodes-base.coinGecko,general-block,Blocked External,xxQ7dpvL7pPX1wOS,block,global,Blocked,All (Global)
n8n-nodes-base.coinGeckoTool,general-block,Blocked External,xxQ7dpvL7pPX1wOS,block,global,Blocked,All (Global)
n8n-nodes-base.compareDatasets,core-essential,Core Essential,NnSLNvhrasoOU2hB,allow,global,Allowed,All (Global)
n8n-nodes-base.compression,core-essential,Core Essential,NnSLNvhrasoOU2hB,allow,global,Allowed,All (Global)
n8n-nodes-base.compressionTool,core-essential,Core Essential,NnSLNvhrasoOU2hB,allow,global,Allowed,All (Global)
n8n-nodes-base.contentful,general-block,Blocked External,xxQ7dpvL7pPX1wOS,block,global,Blocked,All (Global)
n8n-nodes-base.contentfulTool,general-block,Blocked External,xxQ7dpvL7pPX1wOS,block,global,Blocked,All (Global)
n8n-nodes-base.convertKit,general-block,Blocked External,xxQ7dpvL7pPX1wOS,block,global,Blocked,All (Global)
n8n-nodes-base.convertKitTool,general-block,Blocked External,xxQ7dpvL7pPX1wOS,block,global,Blocked,All (Global)
n8n-nodes-base.convertKitTrigger,general-block,Blocked External,xxQ7dpvL7pPX1wOS,block,global,Blocked,All (Global)
n8n-nodes-base.convertToFile,core-essential,Core Essential,NnSLNvhrasoOU2hB,allow,global,Allowed,All (Global)
n8n-nodes-base.copper,general-block,Blocked External,xxQ7dpvL7pPX1wOS,block,global,Blocked,All (Global)
n8n-nodes-base.copperTool,general-block,Blocked External,xxQ7dpvL7pPX1wOS,block,global,Blocked,All (Global)
n8n-nodes-base.copperTrigger,general-block,Blocked External,xxQ7dpvL7pPX1wOS,block,global,Blocked,All (Global)
n8n-nodes-base.cortex,general-block,Blocked External,xxQ7dpvL7pPX1wOS,block,global,Blocked,All (Global)
n8n-nodes-base.crateDb,general-block,Blocked External,xxQ7dpvL7pPX1wOS,block,global,Blocked,All (Global)
n8n-nodes-base.crateDbTool,general-block,Blocked External,xxQ7dpvL7pPX1wOS,block,global,Blocked,All (Global)
n8n-nodes-base.cron,core-essential,Core Essential,NnSLNvhrasoOU2hB,allow,global,Allowed,All (Global)
n8n-nodes-base.crypto,core-essential,Core Essential,NnSLNvhrasoOU2hB,allow,global,Allowed,All (Global)
n8n-nodes-base.cryptoTool,core-essential,Core Essential,NnSLNvhrasoOU2hB,allow,global,Allowed,All (Global)
n8n-nodes-base.customerIo,general-block,Blocked External,xxQ7dpvL7pPX1wOS,block,global,Blocked,All (Global)
n8n-nodes-base.customerIoTool,general-block,Blocked External,xxQ7dpvL7pPX1wOS,block,global,Blocked,All (Global)
n8n-nodes-base.customerIoTrigger,general-block,Blocked External,xxQ7dpvL7pPX1wOS,block,global,Blocked,All (Global)
n8n-nodes-base.dataTable,core-essential,Core Essential,NnSLNvhrasoOU2hB,allow,global,Allowed,All (Global)
n8n-nodes-base.dataTableTool,core-essential,Core Essential,NnSLNvhrasoOU2hB,allow,global,Allowed,All (Global)
n8n-nodes-base.dateTime,core-essential,Core Essential,NnSLNvhrasoOU2hB,allow,global,Allowed,All (Global)
n8n-nodes-base.dateTimeTool,core-essential,Core Essential,NnSLNvhrasoOU2hB,allow,global,Allowed,All (Global)
n8n-nodes-base.debugHelper,general-block,Blocked External,xxQ7dpvL7pPX1wOS,block,global,Blocked,All (Global)
n8n-nodes-base.deepL,general-block,Blocked External,xxQ7dpvL7pPX1wOS,block,global,Blocked,All (Global)
n8n-nodes-base.deepLTool,general-block,Blocked External,xxQ7dpvL7pPX1wOS,block,global,Blocked,All (Global)
n8n-nodes-base.demio,general-block,Blocked External,xxQ7dpvL7pPX1wOS,block,global,Blocked,All (Global)
n8n-nodes-base.demioTool,general-block,Blocked External,xxQ7dpvL7pPX1wOS,block,global,Blocked,All (Global)
n8n-nodes-base.dhl,general-block,Blocked External,xxQ7dpvL7pPX1wOS,block,global,Blocked,All (Global)
n8n-nodes-base.dhlTool,general-block,Blocked External,xxQ7dpvL7pPX1wOS,block,global,Blocked,All (Global)
n8n-nodes-base.discord,social-media,Social Media,pTYLrevZne6wDsl5,block,global,Blocked,All (Global)
n8n-nodes-base.discordTool,social-media,Social Media,pTYLrevZne6wDsl5,block,global,Blocked,All (Global)
n8n-nodes-base.discourse,general-block,Blocked External,xxQ7dpvL7pPX1wOS,block,global,Blocked,All (Global)
n8n-nodes-base.discourseTool,general-block,Blocked External,xxQ7dpvL7pPX1wOS,block,global,Blocked,All (Global)
n8n-nodes-base.disqus,social-media,Social Media,pTYLrevZne6wDsl5,block,global,Blocked,All (Global)
n8n-nodes-base.drift,social-media,Social Media,pTYLrevZne6wDsl5,block,global,Blocked,All (Global)
n8n-nodes-base.driftTool,social-media,Social Media,pTYLrevZne6wDsl5,block,global,Blocked,All (Global)
n8n-nodes-base.dropbox,general-block,Blocked External,xxQ7dpvL7pPX1wOS,block,global,Blocked,All (Global)
n8n-nodes-base.dropboxTool,general-block,Blocked External,xxQ7dpvL7pPX1wOS,block,global,Blocked,All (Global)
n8n-nodes-base.dropcontact,general-block,Blocked External,xxQ7dpvL7pPX1wOS,block,global,Blocked,All (Global)
n8n-nodes-base.dropcontactTool,general-block,Blocked External,xxQ7dpvL7pPX1wOS,block,global,Blocked,All (Global)
n8n-nodes-base.editImage,core-essential,Core Essential,NnSLNvhrasoOU2hB,allow,global,Allowed,All (Global)
n8n-nodes-base.egoi,general-block,Blocked External,xxQ7dpvL7pPX1wOS,block,global,Blocked,All (Global)
n8n-nodes-base.egoiTool,general-block,Blocked External,xxQ7dpvL7pPX1wOS,block,global,Blocked,All (Global)
n8n-nodes-base.elasticsearch,core-essential,Core Essential,NnSLNvhrasoOU2hB,allow,global,Allowed,All (Global)
n8n-nodes-base.elasticsearchTool,core-essential,Core Essential,NnSLNvhrasoOU2hB,allow,global,Allowed,All (Global)
n8n-nodes-base.elasticSecurity,core-essential,Core Essential,NnSLNvhrasoOU2hB,allow,global,Allowed,All (Global)
n8n-nodes-base.elasticSecurityTool,core-essential,Core Essential,NnSLNvhrasoOU2hB,allow,global,Allowed,All (Global)
n8n-nodes-base.emailReadImap,core-essential,Core Essential,NnSLNvhrasoOU2hB,allow,global,Allowed,All (Global)
n8n-nodes-base.emailReadImapTool,core-essential,Core Essential,NnSLNvhrasoOU2hB,allow,global,Allowed,All (Global)
n8n-nodes-base.emailSend,core-essential,Core Essential,NnSLNvhrasoOU2hB,allow,global,Allowed,All (Global)
n8n-nodes-base.emailSendTool,core-essential,Core Essential,NnSLNvhrasoOU2hB,allow,global,Allowed,All (Global)
n8n-nodes-base.emelia,general-block,Blocked External,xxQ7dpvL7pPX1wOS,block,global,Blocked,All (Global)
n8n-nodes-base.emeliaTool,general-block,Blocked External,xxQ7dpvL7pPX1wOS,block,global,Blocked,All (Global)
n8n-nodes-base.emeliaTrigger,general-block,Blocked External,xxQ7dpvL7pPX1wOS,block,global,Blocked,All (Global)
n8n-nodes-base.erpNext,general-block,Blocked External,xxQ7dpvL7pPX1wOS,block,global,Blocked,All (Global)
n8n-nodes-base.erpNextTool,general-block,Blocked External,xxQ7dpvL7pPX1wOS,block,global,Blocked,All (Global)
n8n-nodes-base.errorTrigger,core-essential,Core Essential,NnSLNvhrasoOU2hB,allow,global,Allowed,All (Global)
n8n-nodes-base.evaluation,core-essential,Core Essential,NnSLNvhrasoOU2hB,allow,global,Allowed,All (Global)
n8n-nodes-base.evaluationTrigger,core-essential,Core Essential,NnSLNvhrasoOU2hB,allow,global,Allowed,All (Global)
n8n-nodes-base.eventbriteTrigger,general-block,Blocked External,xxQ7dpvL7pPX1wOS,block,global,Blocked,All (Global)
n8n-nodes-base.executeWorkflow,core-essential,Core Essential,NnSLNvhrasoOU2hB,allow,global,Allowed,All (Global)
n8n-nodes-base.executeWorkflowTrigger,core-essential,Core Essential,NnSLNvhrasoOU2hB,allow,global,Allowed,All (Global)
n8n-nodes-base.executionData,core-essential,Core Essential,NnSLNvhrasoOU2hB,allow,global,Allowed,All (Global)
n8n-nodes-base.extractFromFile,core-essential,Core Essential,NnSLNvhrasoOU2hB,allow,global,Allowed,All (Global)
n8n-nodes-base.facebookGraphApi,social-media,Social Media,pTYLrevZne6wDsl5,block,global,Blocked,All (Global)
n8n-nodes-base.facebookGraphApiTool,social-media,Social Media,pTYLrevZne6wDsl5,block,global,Blocked,All (Global)
n8n-nodes-base.facebookLeadAdsTrigger,social-media,Social Media,pTYLrevZne6wDsl5,block,global,Blocked,All (Global)
n8n-nodes-base.facebookTrigger,social-media,Social Media,pTYLrevZne6wDsl5,block,global,Blocked,All (Global)
n8n-nodes-base.figmaTrigger,general-block,Blocked External,xxQ7dpvL7pPX1wOS,block,global,Blocked,All (Global)
n8n-nodes-base.filemaker,general-block,Blocked External,xxQ7dpvL7pPX1wOS,block,global,Blocked,All (Global)
n8n-nodes-base.filemakerTool,general-block,Blocked External,xxQ7dpvL7pPX1wOS,block,global,Blocked,All (Global)
n8n-nodes-base.filter,core-essential,Core Essential,NnSLNvhrasoOU2hB,allow,global,Allowed,All (Global)
n8n-nodes-base.flow,general-block,Blocked External,xxQ7dpvL7pPX1wOS,block,global,Blocked,All (Global)
n8n-nodes-base.flowTrigger,general-block,Blocked External,xxQ7dpvL7pPX1wOS,block,global,Blocked,All (Global)
n8n-nodes-base.form,core-essential,Core Essential,NnSLNvhrasoOU2hB,allow,global,Allowed,All (Global)
n8n-nodes-base.formIoTrigger,general-block,Blocked External,xxQ7dpvL7pPX1wOS,block,global,Blocked,All (Global)
n8n-nodes-base.formstackTrigger,general-block,Blocked External,xxQ7dpvL7pPX1wOS,block,global,Blocked,All (Global)
n8n-nodes-base.formTrigger,core-essential,Core Essential,NnSLNvhrasoOU2hB,allow,global,Allowed,All (Global)
n8n-nodes-base.freshdesk,general-block,Blocked External,xxQ7dpvL7pPX1wOS,block,global,Blocked,All (Global)
n8n-nodes-base.freshdeskTool,general-block,Blocked External,xxQ7dpvL7pPX1wOS,block,global,Blocked,All (Global)
n8n-nodes-base.freshservice,general-block,Blocked External,xxQ7dpvL7pPX1wOS,block,global,Blocked,All (Global)
n8n-nodes-base.freshserviceTool,general-block,Blocked External,xxQ7dpvL7pPX1wOS,block,global,Blocked,All (Global)
n8n-nodes-base.freshworksCrm,general-block,Blocked External,xxQ7dpvL7pPX1wOS,block,global,Blocked,All (Global)
n8n-nodes-base.freshworksCrmTool,general-block,Blocked External,xxQ7dpvL7pPX1wOS,block,global,Blocked,All (Global)
n8n-nodes-base.ftp,core-essential,Core Essential,NnSLNvhrasoOU2hB,allow,global,Allowed,All (Global)
n8n-nodes-base.function,core-essential,Core Essential,NnSLNvhrasoOU2hB,allow,global,Allowed,All (Global)
n8n-nodes-base.functionItem,core-essential,Core Essential,NnSLNvhrasoOU2hB,allow,global,Allowed,All (Global)
n8n-nodes-base.getResponse,general-block,Blocked External,xxQ7dpvL7pPX1wOS,block,global,Blocked,All (Global)
n8n-nodes-base.getResponseTool,general-block,Blocked External,xxQ7dpvL7pPX1wOS,block,global,Blocked,All (Global)
n8n-nodes-base.getResponseTrigger,general-block,Blocked External,xxQ7dpvL7pPX1wOS,block,global,Blocked,All (Global)
n8n-nodes-base.ghost,general-block,Blocked External,xxQ7dpvL7pPX1wOS,block,global,Blocked,All (Global)
n8n-nodes-base.ghostTool,general-block,Blocked External,xxQ7dpvL7pPX1wOS,block,global,Blocked,All (Global)
n8n-nodes-base.git,core-essential,Core Essential,NnSLNvhrasoOU2hB,allow,global,Allowed,All (Global)
n8n-nodes-base.github,core-essential,Core Essential,NnSLNvhrasoOU2hB,allow,global,Allowed,All (Global)
n8n-nodes-base.githubTool,core-essential,Core Essential,NnSLNvhrasoOU2hB,allow,global,Allowed,All (Global)
n8n-nodes-base.githubTrigger,core-essential,Core Essential,NnSLNvhrasoOU2hB,allow,global,Allowed,All (Global)
n8n-nodes-base.gitlab,core-essential,Core Essential,NnSLNvhrasoOU2hB,allow,global,Allowed,All (Global)
n8n-nodes-base.gitlabTool,core-essential,Core Essential,NnSLNvhrasoOU2hB,allow,global,Allowed,All (Global)
n8n-nodes-base.gitlabTrigger,core-essential,Core Essential,NnSLNvhrasoOU2hB,allow,global,Allowed,All (Global)
n8n-nodes-base.gitTool,core-essential,Core Essential,NnSLNvhrasoOU2hB,allow,global,Allowed,All (Global)
n8n-nodes-base.gmail,google-nodes,Google,aOTcHBzHcbr65XUf,block,global,Blocked,All (Global)
n8n-nodes-base.gmailTool,google-nodes,Google,aOTcHBzHcbr65XUf,block,global,Blocked,All (Global)
n8n-nodes-base.gmailTrigger,google-nodes,Google,aOTcHBzHcbr65XUf,block,global,Blocked,All (Global)
n8n-nodes-base.gong,general-block,Blocked External,xxQ7dpvL7pPX1wOS,block,global,Blocked,All (Global)
n8n-nodes-base.gongTool,general-block,Blocked External,xxQ7dpvL7pPX1wOS,block,global,Blocked,All (Global)
n8n-nodes-base.googleAds,google-nodes,Google,aOTcHBzHcbr65XUf,block,global,Blocked,All (Global)
n8n-nodes-base.googleAdsTool,google-nodes,Google,aOTcHBzHcbr65XUf,block,global,Blocked,All (Global)
n8n-nodes-base.googleAnalytics,google-nodes,Google,aOTcHBzHcbr65XUf,block,global,Blocked,All (Global)
n8n-nodes-base.googleAnalyticsTool,google-nodes,Google,aOTcHBzHcbr65XUf,block,global,Blocked,All (Global)
n8n-nodes-base.googleBigQuery,google-nodes,Google,aOTcHBzHcbr65XUf,block,global,Blocked,All (Global)
n8n-nodes-base.googleBigQueryTool,google-nodes,Google,aOTcHBzHcbr65XUf,block,global,Blocked,All (Global)
n8n-nodes-base.googleBooks,google-nodes,Google,aOTcHBzHcbr65XUf,block,global,Blocked,All (Global)
n8n-nodes-base.googleBooksTool,google-nodes,Google,aOTcHBzHcbr65XUf,block,global,Blocked,All (Global)
n8n-nodes-base.googleBusinessProfile,google-nodes,Google,aOTcHBzHcbr65XUf,block,global,Blocked,All (Global)
n8n-nodes-base.googleBusinessProfileTool,google-nodes,Google,aOTcHBzHcbr65XUf,block,global,Blocked,All (Global)
n8n-nodes-base.googleBusinessProfileTrigger,google-nodes,Google,aOTcHBzHcbr65XUf,block,global,Blocked,All (Global)
n8n-nodes-base.googleCalendar,google-nodes,Google,aOTcHBzHcbr65XUf,block,global,Blocked,All (Global)
n8n-nodes-base.googleCalendarTool,google-nodes,Google,aOTcHBzHcbr65XUf,block,global,Blocked,All (Global)
n8n-nodes-base.googleCalendarTrigger,google-nodes,Google,aOTcHBzHcbr65XUf,block,global,Blocked,All (Global)
n8n-nodes-base.googleChat,google-nodes,Google,aOTcHBzHcbr65XUf,block,global,Blocked,All (Global)
n8n-nodes-base.googleChatTool,google-nodes,Google,aOTcHBzHcbr65XUf,block,global,Blocked,All (Global)
n8n-nodes-base.googleCloudNaturalLanguage,google-nodes,Google,aOTcHBzHcbr65XUf,block,global,Blocked,All (Global)
n8n-nodes-base.googleCloudNaturalLanguageTool,google-nodes,Google,aOTcHBzHcbr65XUf,block,global,Blocked,All (Global)
n8n-nodes-base.googleCloudStorage,google-nodes,Google,aOTcHBzHcbr65XUf,block,global,Blocked,All (Global)
n8n-nodes-base.googleCloudStorageTool,google-nodes,Google,aOTcHBzHcbr65XUf,block,global,Blocked,All (Global)
n8n-nodes-base.googleContacts,google-nodes,Google,aOTcHBzHcbr65XUf,block,global,Blocked,All (Global)
n8n-nodes-base.googleContactsTool,google-nodes,Google,aOTcHBzHcbr65XUf,block,global,Blocked,All (Global)
n8n-nodes-base.googleDocs,google-nodes,Google,aOTcHBzHcbr65XUf,block,global,Blocked,All (Global)
n8n-nodes-base.googleDocsTool,google-nodes,Google,aOTcHBzHcbr65XUf,block,global,Blocked,All (Global)
n8n-nodes-base.googleDrive,google-nodes,Google,aOTcHBzHcbr65XUf,block,global,Blocked,All (Global)
n8n-nodes-base.googleDriveTool,google-nodes,Google,aOTcHBzHcbr65XUf,block,global,Blocked,All (Global)
n8n-nodes-base.googleDriveTrigger,google-nodes,Google,aOTcHBzHcbr65XUf,block,global,Blocked,All (Global)
n8n-nodes-base.googleFirebaseCloudFirestore,google-nodes,Google,aOTcHBzHcbr65XUf,block,global,Blocked,All (Global)
n8n-nodes-base.googleFirebaseCloudFirestoreTool,google-nodes,Google,aOTcHBzHcbr65XUf,block,global,Blocked,All (Global)
n8n-nodes-base.googleFirebaseRealtimeDatabase,google-nodes,Google,aOTcHBzHcbr65XUf,block,global,Blocked,All (Global)
n8n-nodes-base.googleFirebaseRealtimeDatabaseTool,google-nodes,Google,aOTcHBzHcbr65XUf,block,global,Blocked,All (Global)
n8n-nodes-base.googlePerspective,google-nodes,Google,aOTcHBzHcbr65XUf,block,global,Blocked,All (Global)
n8n-nodes-base.googlePerspectiveTool,google-nodes,Google,aOTcHBzHcbr65XUf,block,global,Blocked,All (Global)
n8n-nodes-base.googleSheets,google-nodes,Google,aOTcHBzHcbr65XUf,block,global,Blocked,All (Global)
n8n-nodes-base.googleSheetsTool,google-nodes,Google,aOTcHBzHcbr65XUf,block,global,Blocked,All (Global)
n8n-nodes-base.googleSheetsTrigger,google-nodes,Google,aOTcHBzHcbr65XUf,block,global,Blocked,All (Global)
n8n-nodes-base.googleSlides,google-nodes,Google,aOTcHBzHcbr65XUf,block,global,Blocked,All (Global)
n8n-nodes-base.googleSlidesTool,google-nodes,Google,aOTcHBzHcbr65XUf,block,global,Blocked,All (Global)
n8n-nodes-base.googleTasks,google-nodes,Google,aOTcHBzHcbr65XUf,block,global,Blocked,All (Global)
n8n-nodes-base.googleTasksTool,google-nodes,Google,aOTcHBzHcbr65XUf,block,global,Blocked,All (Global)
n8n-nodes-base.googleTranslate,google-nodes,Google,aOTcHBzHcbr65XUf,block,global,Blocked,All (Global)
n8n-nodes-base.googleTranslateTool,google-nodes,Google,aOTcHBzHcbr65XUf,block,global,Blocked,All (Global)
n8n-nodes-base.gotify,general-block,Blocked External,xxQ7dpvL7pPX1wOS,block,global,Blocked,All (Global)
n8n-nodes-base.gotifyTool,general-block,Blocked External,xxQ7dpvL7pPX1wOS,block,global,Blocked,All (Global)
n8n-nodes-base.goToWebinar,general-block,Blocked External,xxQ7dpvL7pPX1wOS,block,global,Blocked,All (Global)
n8n-nodes-base.goToWebinarTool,general-block,Blocked External,xxQ7dpvL7pPX1wOS,block,global,Blocked,All (Global)
n8n-nodes-base.grafana,core-essential,Core Essential,NnSLNvhrasoOU2hB,allow,global,Allowed,All (Global)
n8n-nodes-base.grafanaTool,core-essential,Core Essential,NnSLNvhrasoOU2hB,allow,global,Allowed,All (Global)
n8n-nodes-base.graphql,core-essential,Core Essential,NnSLNvhrasoOU2hB,allow,global,Allowed,All (Global)
n8n-nodes-base.graphqlTool,core-essential,Core Essential,NnSLNvhrasoOU2hB,allow,global,Allowed,All (Global)
n8n-nodes-base.grist,general-block,Blocked External,xxQ7dpvL7pPX1wOS,block,global,Blocked,All (Global)
n8n-nodes-base.gristTool,general-block,Blocked External,xxQ7dpvL7pPX1wOS,block,global,Blocked,All (Global)
n8n-nodes-base.gSuiteAdmin,google-nodes,Google,aOTcHBzHcbr65XUf,block,global,Blocked,All (Global)
n8n-nodes-base.gSuiteAdminTool,google-nodes,Google,aOTcHBzHcbr65XUf,block,global,Blocked,All (Global)
n8n-nodes-base.gumroadTrigger,general-block,Blocked External,xxQ7dpvL7pPX1wOS,block,global,Blocked,All (Global)
n8n-nodes-base.hackerNews,general-block,Blocked External,xxQ7dpvL7pPX1wOS,block,global,Blocked,All (Global)
n8n-nodes-base.hackerNewsTool,general-block,Blocked External,xxQ7dpvL7pPX1wOS,block,global,Blocked,All (Global)
n8n-nodes-base.haloPSA,general-block,Blocked External,xxQ7dpvL7pPX1wOS,block,global,Blocked,All (Global)
n8n-nodes-base.haloPSATool,general-block,Blocked External,xxQ7dpvL7pPX1wOS,block,global,Blocked,All (Global)
n8n-nodes-base.harvest,general-block,Blocked External,xxQ7dpvL7pPX1wOS,block,global,Blocked,All (Global)
n8n-nodes-base.harvestTool,general-block,Blocked External,xxQ7dpvL7pPX1wOS,block,global,Blocked,All (Global)
n8n-nodes-base.helpScout,general-block,Blocked External,xxQ7dpvL7pPX1wOS,block,global,Blocked,All (Global)
n8n-nodes-base.helpScoutTool,general-block,Blocked External,xxQ7dpvL7pPX1wOS,block,global,Blocked,All (Global)
n8n-nodes-base.helpScoutTrigger,general-block,Blocked External,xxQ7dpvL7pPX1wOS,block,global,Blocked,All (Global)
n8n-nodes-base.highLevel,general-block,Blocked External,xxQ7dpvL7pPX1wOS,block,global,Blocked,All (Global)
n8n-nodes-base.highLevelTool,general-block,Blocked External,xxQ7dpvL7pPX1wOS,block,global,Blocked,All (Global)
n8n-nodes-base.homeAssistant,general-block,Blocked External,xxQ7dpvL7pPX1wOS,block,global,Blocked,All (Global)
n8n-nodes-base.homeAssistantTool,general-block,Blocked External,xxQ7dpvL7pPX1wOS,block,global,Blocked,All (Global)
n8n-nodes-base.html,core-essential,Core Essential,NnSLNvhrasoOU2hB,allow,global,Allowed,All (Global)
n8n-nodes-base.htmlExtract,core-essential,Core Essential,NnSLNvhrasoOU2hB,allow,global,Allowed,All (Global)
n8n-nodes-base.httpRequest,core-essential,Core Essential,NnSLNvhrasoOU2hB,allow,global,Allowed,All (Global)
n8n-nodes-base.httpRequestTool,core-essential,Core Essential,NnSLNvhrasoOU2hB,allow,global,Allowed,All (Global)
n8n-nodes-base.hubspot,general-block,Blocked External,xxQ7dpvL7pPX1wOS,block,global,Blocked,All (Global)
n8n-nodes-base.hubspotTool,general-block,Blocked External,xxQ7dpvL7pPX1wOS,block,global,Blocked,All (Global)
n8n-nodes-base.hubspotTrigger,general-block,Blocked External,xxQ7dpvL7pPX1wOS,block,global,Blocked,All (Global)
n8n-nodes-base.humanticAi,general-block,Blocked External,xxQ7dpvL7pPX1wOS,block,global,Blocked,All (Global)
n8n-nodes-base.humanticAiTool,general-block,Blocked External,xxQ7dpvL7pPX1wOS,block,global,Blocked,All (Global)
n8n-nodes-base.hunter,general-block,Blocked External,xxQ7dpvL7pPX1wOS,block,global,Blocked,All (Global)
n8n-nodes-base.hunterTool,general-block,Blocked External,xxQ7dpvL7pPX1wOS,block,global,Blocked,All (Global)
n8n-nodes-base.iCal,core-essential,Core Essential,NnSLNvhrasoOU2hB,allow,global,Allowed,All (Global)
n8n-nodes-base.if,core-essential,Core Essential,NnSLNvhrasoOU2hB,allow,global,Allowed,All (Global)
n8n-nodes-base.intercom,general-block,Blocked External,xxQ7dpvL7pPX1wOS,block,global,Blocked,All (Global)
n8n-nodes-base.intercomTool,general-block,Blocked External,xxQ7dpvL7pPX1wOS,block,global,Blocked,All (Global)
n8n-nodes-base.interval,core-essential,Core Essential,NnSLNvhrasoOU2hB,allow,global,Allowed,All (Global)
n8n-nodes-base.invoiceNinja,general-block,Blocked External,xxQ7dpvL7pPX1wOS,block,global,Blocked,All (Global)
n8n-nodes-base.invoiceNinjaTool,general-block,Blocked External,xxQ7dpvL7pPX1wOS,block,global,Blocked,All (Global)
n8n-nodes-base.invoiceNinjaTrigger,general-block,Blocked External,xxQ7dpvL7pPX1wOS,block,global,Blocked,All (Global)
n8n-nodes-base.itemLists,core-essential,Core Essential,NnSLNvhrasoOU2hB,allow,global,Allowed,All (Global)
n8n-nodes-base.iterable,general-block,Blocked External,xxQ7dpvL7pPX1wOS,block,global,Blocked,All (Global)
n8n-nodes-base.iterableTool,general-block,Blocked External,xxQ7dpvL7pPX1wOS,block,global,Blocked,All (Global)
n8n-nodes-base.jenkins,core-essential,Core Essential,NnSLNvhrasoOU2hB,allow,global,Allowed,All (Global)
n8n-nodes-base.jenkinsTool,core-essential,Core Essential,NnSLNvhrasoOU2hB,allow,global,Allowed,All (Global)
n8n-nodes-base.jinaAi,general-block,Blocked External,xxQ7dpvL7pPX1wOS,block,global,Blocked,All (Global)
n8n-nodes-base.jinaAiTool,general-block,Blocked External,xxQ7dpvL7pPX1wOS,block,global,Blocked,All (Global)
n8n-nodes-base.jira,core-essential,Core Essential,NnSLNvhrasoOU2hB,allow,global,Allowed,All (Global)
n8n-nodes-base.jiraTool,core-essential,Core Essential,NnSLNvhrasoOU2hB,allow,global,Allowed,All (Global)
n8n-nodes-base.jiraTrigger,core-essential,Core Essential,NnSLNvhrasoOU2hB,allow,global,Allowed,All (Global)
n8n-nodes-base.jotFormTrigger,general-block,Blocked External,xxQ7dpvL7pPX1wOS,block,global,Blocked,All (Global)
n8n-nodes-base.jwt,general-block,Blocked External,xxQ7dpvL7pPX1wOS,block,global,Blocked,All (Global)
n8n-nodes-base.jwtTool,general-block,Blocked External,xxQ7dpvL7pPX1wOS,block,global,Blocked,All (Global)
n8n-nodes-base.kafka,core-essential,Core Essential,NnSLNvhrasoOU2hB,allow,global,Allowed,All (Global)
n8n-nodes-base.kafkaTool,core-essential,Core Essential,NnSLNvhrasoOU2hB,allow,global,Allowed,All (Global)
n8n-nodes-base.kafkaTrigger,core-essential,Core Essential,NnSLNvhrasoOU2hB,allow,global,Allowed,All (Global)
n8n-nodes-base.keap,general-block,Blocked External,xxQ7dpvL7pPX1wOS,block,global,Blocked,All (Global)
n8n-nodes-base.keapTool,general-block,Blocked External,xxQ7dpvL7pPX1wOS,block,global,Blocked,All (Global)
n8n-nodes-base.keapTrigger,general-block,Blocked External,xxQ7dpvL7pPX1wOS,block,global,Blocked,All (Global)
n8n-nodes-base.koBoToolbox,general-block,Blocked External,xxQ7dpvL7pPX1wOS,block,global,Blocked,All (Global)
n8n-nodes-base.koBoToolboxTool,general-block,Blocked External,xxQ7dpvL7pPX1wOS,block,global,Blocked,All (Global)
n8n-nodes-base.koBoToolboxTrigger,general-block,Blocked External,xxQ7dpvL7pPX1wOS,block,global,Blocked,All (Global)
n8n-nodes-base.ldap,general-block,Blocked External,xxQ7dpvL7pPX1wOS,block,global,Blocked,All (Global)
n8n-nodes-base.ldapTool,general-block,Blocked External,xxQ7dpvL7pPX1wOS,block,global,Blocked,All (Global)
n8n-nodes-base.lemlist,general-block,Blocked External,xxQ7dpvL7pPX1wOS,block,global,Blocked,All (Global)
n8n-nodes-base.lemlistTool,general-block,Blocked External,xxQ7dpvL7pPX1wOS,block,global,Blocked,All (Global)
n8n-nodes-base.lemlistTrigger,general-block,Blocked External,xxQ7dpvL7pPX1wOS,block,global,Blocked,All (Global)
n8n-nodes-base.limit,core-essential,Core Essential,NnSLNvhrasoOU2hB,allow,global,Allowed,All (Global)
n8n-nodes-base.line,general-block,Blocked External,xxQ7dpvL7pPX1wOS,block,global,Blocked,All (Global)
n8n-nodes-base.linear,general-block,Blocked External,xxQ7dpvL7pPX1wOS,block,global,Blocked,All (Global)
n8n-nodes-base.linearTool,general-block,Blocked External,xxQ7dpvL7pPX1wOS,block,global,Blocked,All (Global)
n8n-nodes-base.linearTrigger,general-block,Blocked External,xxQ7dpvL7pPX1wOS,block,global,Blocked,All (Global)
n8n-nodes-base.lineTool,general-block,Blocked External,xxQ7dpvL7pPX1wOS,block,global,Blocked,All (Global)
n8n-nodes-base.lingvaNex,general-block,Blocked External,xxQ7dpvL7pPX1wOS,block,global,Blocked,All (Global)
n8n-nodes-base.lingvaNexTool,general-block,Blocked External,xxQ7dpvL7pPX1wOS,block,global,Blocked,All (Global)
n8n-nodes-base.linkedIn,social-media,Social Media,pTYLrevZne6wDsl5,block,global,Blocked,All (Global)
n8n-nodes-base.linkedInTool,general-block,Blocked External,xxQ7dpvL7pPX1wOS,block,global,Blocked,All (Global)
n8n-nodes-base.loneScale,general-block,Blocked External,xxQ7dpvL7pPX1wOS,block,global,Blocked,All (Global)
n8n-nodes-base.loneScaleTool,general-block,Blocked External,xxQ7dpvL7pPX1wOS,block,global,Blocked,All (Global)
n8n-nodes-base.loneScaleTrigger,general-block,Blocked External,xxQ7dpvL7pPX1wOS,block,global,Blocked,All (Global)
n8n-nodes-base.magento2,general-block,Blocked External,xxQ7dpvL7pPX1wOS,block,global,Blocked,All (Global)
n8n-nodes-base.magento2Tool,general-block,Blocked External,xxQ7dpvL7pPX1wOS,block,global,Blocked,All (Global)
n8n-nodes-base.mailcheck,general-block,Blocked External,xxQ7dpvL7pPX1wOS,block,global,Blocked,All (Global)
n8n-nodes-base.mailcheckTool,general-block,Blocked External,xxQ7dpvL7pPX1wOS,block,global,Blocked,All (Global)
n8n-nodes-base.mailchimp,general-block,Blocked External,xxQ7dpvL7pPX1wOS,block,global,Blocked,All (Global)
n8n-nodes-base.mailchimpTool,general-block,Blocked External,xxQ7dpvL7pPX1wOS,block,global,Blocked,All (Global)
n8n-nodes-base.mailchimpTrigger,general-block,Blocked External,xxQ7dpvL7pPX1wOS,block,global,Blocked,All (Global)
n8n-nodes-base.mailerLite,general-block,Blocked External,xxQ7dpvL7pPX1wOS,block,global,Blocked,All (Global)
n8n-nodes-base.mailerLiteTool,general-block,Blocked External,xxQ7dpvL7pPX1wOS,block,global,Blocked,All (Global)
n8n-nodes-base.mailerLiteTrigger,general-block,Blocked External,xxQ7dpvL7pPX1wOS,block,global,Blocked,All (Global)
n8n-nodes-base.mailgun,general-block,Blocked External,xxQ7dpvL7pPX1wOS,block,global,Blocked,All (Global)
n8n-nodes-base.mailgunTool,general-block,Blocked External,xxQ7dpvL7pPX1wOS,block,global,Blocked,All (Global)
n8n-nodes-base.mailjet,general-block,Blocked External,xxQ7dpvL7pPX1wOS,block,global,Blocked,All (Global)
n8n-nodes-base.mailjetTool,general-block,Blocked External,xxQ7dpvL7pPX1wOS,block,global,Blocked,All (Global)
n8n-nodes-base.mailjetTrigger,general-block,Blocked External,xxQ7dpvL7pPX1wOS,block,global,Blocked,All (Global)
n8n-nodes-base.mandrill,general-block,Blocked External,xxQ7dpvL7pPX1wOS,block,global,Blocked,All (Global)
n8n-nodes-base.mandrillTool,general-block,Blocked External,xxQ7dpvL7pPX1wOS,block,global,Blocked,All (Global)
n8n-nodes-base.manualTrigger,core-essential,Core Essential,NnSLNvhrasoOU2hB,allow,global,Allowed,All (Global)
n8n-nodes-base.markdown,core-essential,Core Essential,NnSLNvhrasoOU2hB,allow,global,Allowed,All (Global)
n8n-nodes-base.marketstack,general-block,Blocked External,xxQ7dpvL7pPX1wOS,block,global,Blocked,All (Global)
n8n-nodes-base.marketstackTool,general-block,Blocked External,xxQ7dpvL7pPX1wOS,block,global,Blocked,All (Global)
n8n-nodes-base.matrix,social-media,Social Media,pTYLrevZne6wDsl5,block,global,Blocked,All (Global)
n8n-nodes-base.matrixTool,social-media,Social Media,pTYLrevZne6wDsl5,block,global,Blocked,All (Global)
n8n-nodes-base.mattermost,social-media,Social Media,pTYLrevZne6wDsl5,block,global,Blocked,All (Global)
n8n-nodes-base.mattermostTool,social-media,Social Media,pTYLrevZne6wDsl5,block,global,Blocked,All (Global)
n8n-nodes-base.mautic,general-block,Blocked External,xxQ7dpvL7pPX1wOS,block,global,Blocked,All (Global)
n8n-nodes-base.mauticTool,general-block,Blocked External,xxQ7dpvL7pPX1wOS,block,global,Blocked,All (Global)
n8n-nodes-base.mauticTrigger,general-block,Blocked External,xxQ7dpvL7pPX1wOS,block,global,Blocked,All (Global)
n8n-nodes-base.medium,general-block,Blocked External,xxQ7dpvL7pPX1wOS,block,global,Blocked,All (Global)
n8n-nodes-base.mediumTool,general-block,Blocked External,xxQ7dpvL7pPX1wOS,block,global,Blocked,All (Global)
n8n-nodes-base.merge,core-essential,Core Essential,NnSLNvhrasoOU2hB,allow,global,Allowed,All (Global)
n8n-nodes-base.messageBird,general-block,Blocked External,xxQ7dpvL7pPX1wOS,block,global,Blocked,All (Global)
n8n-nodes-base.messageBirdTool,general-block,Blocked External,xxQ7dpvL7pPX1wOS,block,global,Blocked,All (Global)
n8n-nodes-base.metabase,general-block,Blocked External,xxQ7dpvL7pPX1wOS,block,global,Blocked,All (Global)
n8n-nodes-base.metabaseTool,general-block,Blocked External,xxQ7dpvL7pPX1wOS,block,global,Blocked,All (Global)
n8n-nodes-base.microsoftDynamicsCrm,general-block,Blocked External,xxQ7dpvL7pPX1wOS,block,global,Blocked,All (Global)
n8n-nodes-base.microsoftDynamicsCrmTool,general-block,Blocked External,xxQ7dpvL7pPX1wOS,block,global,Blocked,All (Global)
n8n-nodes-base.microsoftEntra,azure-microsoft,Azure/Microsoft,EFyDOBbSjgZ8ReYf,allow,global,Allowed,All (Global)
n8n-nodes-base.microsoftEntraTool,azure-microsoft,Azure/Microsoft,EFyDOBbSjgZ8ReYf,allow,global,Allowed,All (Global)
n8n-nodes-base.microsoftExcel,azure-microsoft,Azure/Microsoft,EFyDOBbSjgZ8ReYf,allow,global,Allowed,All (Global)
n8n-nodes-base.microsoftExcelTool,azure-microsoft,Azure/Microsoft,EFyDOBbSjgZ8ReYf,allow,global,Allowed,All (Global)
n8n-nodes-base.microsoftGraphSecurity,general-block,Blocked External,xxQ7dpvL7pPX1wOS,block,global,Blocked,All (Global)
n8n-nodes-base.microsoftGraphSecurityTool,general-block,Blocked External,xxQ7dpvL7pPX1wOS,block,global,Blocked,All (Global)
n8n-nodes-base.microsoftOneDrive,azure-microsoft,Azure/Microsoft,EFyDOBbSjgZ8ReYf,allow,global,Allowed,All (Global)
n8n-nodes-base.microsoftOneDriveTool,azure-microsoft,Azure/Microsoft,EFyDOBbSjgZ8ReYf,allow,global,Allowed,All (Global)
n8n-nodes-base.microsoftOneDriveTrigger,azure-microsoft,Azure/Microsoft,EFyDOBbSjgZ8ReYf,allow,global,Allowed,All (Global)
n8n-nodes-base.microsoftOutlook,azure-microsoft,Azure/Microsoft,EFyDOBbSjgZ8ReYf,allow,global,Allowed,All (Global)
n8n-nodes-base.microsoftOutlookHitlTool,general-block,Blocked External,xxQ7dpvL7pPX1wOS,block,global,Blocked,All (Global)
n8n-nodes-base.microsoftOutlookTool,azure-microsoft,Azure/Microsoft,EFyDOBbSjgZ8ReYf,allow,global,Allowed,All (Global)
n8n-nodes-base.microsoftOutlookTrigger,azure-microsoft,Azure/Microsoft,EFyDOBbSjgZ8ReYf,allow,global,Allowed,All (Global)
n8n-nodes-base.microsoftSharePoint,azure-microsoft,Azure/Microsoft,EFyDOBbSjgZ8ReYf,allow,global,Allowed,All (Global)
n8n-nodes-base.microsoftSharePointTool,azure-microsoft,Azure/Microsoft,EFyDOBbSjgZ8ReYf,allow,global,Allowed,All (Global)
n8n-nodes-base.microsoftSql,general-block,Blocked External,xxQ7dpvL7pPX1wOS,block,global,Blocked,All (Global)
n8n-nodes-base.microsoftSqlTool,general-block,Blocked External,xxQ7dpvL7pPX1wOS,block,global,Blocked,All (Global)
n8n-nodes-base.microsoftTeams,azure-microsoft,Azure/Microsoft,EFyDOBbSjgZ8ReYf,allow,global,Allowed,All (Global)
n8n-nodes-base.microsoftTeamsHitlTool,general-block,Blocked External,xxQ7dpvL7pPX1wOS,block,global,Blocked,All (Global)
n8n-nodes-base.microsoftTeamsTool,azure-microsoft,Azure/Microsoft,EFyDOBbSjgZ8ReYf,allow,global,Allowed,All (Global)
n8n-nodes-base.microsoftTeamsTrigger,azure-microsoft,Azure/Microsoft,EFyDOBbSjgZ8ReYf,allow,global,Allowed,All (Global)
n8n-nodes-base.microsoftToDo,general-block,Blocked External,xxQ7dpvL7pPX1wOS,block,global,Blocked,All (Global)
n8n-nodes-base.microsoftToDoTool,general-block,Blocked External,xxQ7dpvL7pPX1wOS,block,global,Blocked,All (Global)
n8n-nodes-base.mindee,general-block,Blocked External,xxQ7dpvL7pPX1wOS,block,global,Blocked,All (Global)
n8n-nodes-base.misp,general-block,Blocked External,xxQ7dpvL7pPX1wOS,block,global,Blocked,All (Global)
n8n-nodes-base.mispTool,general-block,Blocked External,xxQ7dpvL7pPX1wOS,block,global,Blocked,All (Global)
n8n-nodes-base.mistralAi,general-block,Blocked External,xxQ7dpvL7pPX1wOS,block,global,Blocked,All (Global)
n8n-nodes-base.mistralAiTool,general-block,Blocked External,xxQ7dpvL7pPX1wOS,block,global,Blocked,All (Global)
n8n-nodes-base.mocean,general-block,Blocked External,xxQ7dpvL7pPX1wOS,block,global,Blocked,All (Global)
n8n-nodes-base.moceanTool,general-block,Blocked External,xxQ7dpvL7pPX1wOS,block,global,Blocked,All (Global)
n8n-nodes-base.mondayCom,core-essential,Core Essential,NnSLNvhrasoOU2hB,allow,global,Allowed,All (Global)
n8n-nodes-base.mondayComTool,core-essential,Core Essential,NnSLNvhrasoOU2hB,allow,global,Allowed,All (Global)
n8n-nodes-base.mongoDb,core-essential,Core Essential,NnSLNvhrasoOU2hB,allow,global,Allowed,All (Global)
n8n-nodes-base.mongoDbTool,core-essential,Core Essential,NnSLNvhrasoOU2hB,allow,global,Allowed,All (Global)
n8n-nodes-base.monicaCrm,general-block,Blocked External,xxQ7dpvL7pPX1wOS,block,global,Blocked,All (Global)
n8n-nodes-base.monicaCrmTool,general-block,Blocked External,xxQ7dpvL7pPX1wOS,block,global,Blocked,All (Global)
n8n-nodes-base.moveBinaryData,core-essential,Core Essential,NnSLNvhrasoOU2hB,allow,global,Allowed,All (Global)
n8n-nodes-base.mqtt,core-essential,Core Essential,NnSLNvhrasoOU2hB,allow,global,Allowed,All (Global)
n8n-nodes-base.mqttTool,core-essential,Core Essential,NnSLNvhrasoOU2hB,allow,global,Allowed,All (Global)
n8n-nodes-base.mqttTrigger,core-essential,Core Essential,NnSLNvhrasoOU2hB,allow,global,Allowed,All (Global)
n8n-nodes-base.msg91,general-block,Blocked External,xxQ7dpvL7pPX1wOS,block,global,Blocked,All (Global)
n8n-nodes-base.msg91Tool,general-block,Blocked External,xxQ7dpvL7pPX1wOS,block,global,Blocked,All (Global)
n8n-nodes-base.mySql,general-block,Blocked External,xxQ7dpvL7pPX1wOS,block,global,Blocked,All (Global)
n8n-nodes-base.mySqlTool,general-block,Blocked External,xxQ7dpvL7pPX1wOS,block,global,Blocked,All (Global)
n8n-nodes-base.n8n,core-essential,Core Essential,NnSLNvhrasoOU2hB,allow,global,Allowed,All (Global)
n8n-nodes-base.n8nTrainingCustomerDatastore,core-essential,Core Essential,NnSLNvhrasoOU2hB,allow,global,Allowed,All (Global)
n8n-nodes-base.n8nTrainingCustomerMessenger,core-essential,Core Essential,NnSLNvhrasoOU2hB,allow,global,Allowed,All (Global)
n8n-nodes-base.n8nTrigger,core-essential,Core Essential,NnSLNvhrasoOU2hB,allow,global,Allowed,All (Global)
n8n-nodes-base.nasa,general-block,Blocked External,xxQ7dpvL7pPX1wOS,block,global,Blocked,All (Global)
n8n-nodes-base.nasaTool,general-block,Blocked External,xxQ7dpvL7pPX1wOS,block,global,Blocked,All (Global)
n8n-nodes-base.netlify,general-block,Blocked External,xxQ7dpvL7pPX1wOS,block,global,Blocked,All (Global)
n8n-nodes-base.netlifyTool,general-block,Blocked External,xxQ7dpvL7pPX1wOS,block,global,Blocked,All (Global)
n8n-nodes-base.netlifyTrigger,general-block,Blocked External,xxQ7dpvL7pPX1wOS,block,global,Blocked,All (Global)
n8n-nodes-base.nextCloud,general-block,Blocked External,xxQ7dpvL7pPX1wOS,block,global,Blocked,All (Global)
n8n-nodes-base.nextCloudTool,general-block,Blocked External,xxQ7dpvL7pPX1wOS,block,global,Blocked,All (Global)
n8n-nodes-base.nocoDb,general-block,Blocked External,xxQ7dpvL7pPX1wOS,block,global,Blocked,All (Global)
n8n-nodes-base.nocoDbTool,general-block,Blocked External,xxQ7dpvL7pPX1wOS,block,global,Blocked,All (Global)
n8n-nodes-base.noOp,core-essential,Core Essential,NnSLNvhrasoOU2hB,allow,global,Allowed,All (Global)
n8n-nodes-base.notion,general-block,Blocked External,xxQ7dpvL7pPX1wOS,block,global,Blocked,All (Global)
n8n-nodes-base.notionTool,general-block,Blocked External,xxQ7dpvL7pPX1wOS,block,global,Blocked,All (Global)
n8n-nodes-base.notionTrigger,general-block,Blocked External,xxQ7dpvL7pPX1wOS,block,global,Blocked,All (Global)
n8n-nodes-base.npm,general-block,Blocked External,xxQ7dpvL7pPX1wOS,block,global,Blocked,All (Global)
n8n-nodes-base.npmTool,general-block,Blocked External,xxQ7dpvL7pPX1wOS,block,global,Blocked,All (Global)
n8n-nodes-base.odoo,general-block,Blocked External,xxQ7dpvL7pPX1wOS,block,global,Blocked,All (Global)
n8n-nodes-base.odooTool,general-block,Blocked External,xxQ7dpvL7pPX1wOS,block,global,Blocked,All (Global)
n8n-nodes-base.okta,general-block,Blocked External,xxQ7dpvL7pPX1wOS,block,global,Blocked,All (Global)
n8n-nodes-base.oktaTool,general-block,Blocked External,xxQ7dpvL7pPX1wOS,block,global,Blocked,All (Global)
n8n-nodes-base.oneSimpleApi,general-block,Blocked External,xxQ7dpvL7pPX1wOS,block,global,Blocked,All (Global)
n8n-nodes-base.oneSimpleApiTool,general-block,Blocked External,xxQ7dpvL7pPX1wOS,block,global,Blocked,All (Global)
n8n-nodes-base.onfleet,general-block,Blocked External,xxQ7dpvL7pPX1wOS,block,global,Blocked,All (Global)
n8n-nodes-base.onfleetTool,general-block,Blocked External,xxQ7dpvL7pPX1wOS,block,global,Blocked,All (Global)
n8n-nodes-base.onfleetTrigger,general-block,Blocked External,xxQ7dpvL7pPX1wOS,block,global,Blocked,All (Global)
n8n-nodes-base.openAi,core-essential,Core Essential,NnSLNvhrasoOU2hB,allow,global,Allowed,All (Global)
n8n-nodes-base.openThesaurus,general-block,Blocked External,xxQ7dpvL7pPX1wOS,block,global,Blocked,All (Global)
n8n-nodes-base.openThesaurusTool,general-block,Blocked External,xxQ7dpvL7pPX1wOS,block,global,Blocked,All (Global)
n8n-nodes-base.openWeatherMap,general-block,Blocked External,xxQ7dpvL7pPX1wOS,block,global,Blocked,All (Global)
n8n-nodes-base.openWeatherMapTool,general-block,Blocked External,xxQ7dpvL7pPX1wOS,block,global,Blocked,All (Global)
n8n-nodes-base.oracleDatabase,core-essential,Core Essential,NnSLNvhrasoOU2hB,allow,global,Allowed,All (Global)
n8n-nodes-base.oracleDatabaseTool,core-essential,Core Essential,NnSLNvhrasoOU2hB,allow,global,Allowed,All (Global)
n8n-nodes-base.orbit,general-block,Blocked External,xxQ7dpvL7pPX1wOS,block,global,Blocked,All (Global)
n8n-nodes-base.oura,general-block,Blocked External,xxQ7dpvL7pPX1wOS,block,global,Blocked,All (Global)
n8n-nodes-base.ouraTool,general-block,Blocked External,xxQ7dpvL7pPX1wOS,block,global,Blocked,All (Global)
n8n-nodes-base.paddle,general-block,Blocked External,xxQ7dpvL7pPX1wOS,block,global,Blocked,All (Global)
n8n-nodes-base.paddleTool,general-block,Blocked External,xxQ7dpvL7pPX1wOS,block,global,Blocked,All (Global)
n8n-nodes-base.pagerDuty,general-block,Blocked External,xxQ7dpvL7pPX1wOS,block,global,Blocked,All (Global)
n8n-nodes-base.pagerDutyTool,general-block,Blocked External,xxQ7dpvL7pPX1wOS,block,global,Blocked,All (Global)
n8n-nodes-base.payPal,general-block,Blocked External,xxQ7dpvL7pPX1wOS,block,global,Blocked,All (Global)
n8n-nodes-base.payPalTrigger,general-block,Blocked External,xxQ7dpvL7pPX1wOS,block,global,Blocked,All (Global)
n8n-nodes-base.peekalink,general-block,Blocked External,xxQ7dpvL7pPX1wOS,block,global,Blocked,All (Global)
n8n-nodes-base.peekalinkTool,general-block,Blocked External,xxQ7dpvL7pPX1wOS,block,global,Blocked,All (Global)
n8n-nodes-base.perplexity,general-block,Blocked External,xxQ7dpvL7pPX1wOS,block,global,Blocked,All (Global)
n8n-nodes-base.perplexityTool,general-block,Blocked External,xxQ7dpvL7pPX1wOS,block,global,Blocked,All (Global)
n8n-nodes-base.phantombuster,general-block,Blocked External,xxQ7dpvL7pPX1wOS,block,global,Blocked,All (Global)
n8n-nodes-base.phantombusterTool,general-block,Blocked External,xxQ7dpvL7pPX1wOS,block,global,Blocked,All (Global)
n8n-nodes-base.philipsHue,general-block,Blocked External,xxQ7dpvL7pPX1wOS,block,global,Blocked,All (Global)
n8n-nodes-base.philipsHueTool,general-block,Blocked External,xxQ7dpvL7pPX1wOS,block,global,Blocked,All (Global)
n8n-nodes-base.pipedrive,general-block,Blocked External,xxQ7dpvL7pPX1wOS,block,global,Blocked,All (Global)
n8n-nodes-base.pipedriveTool,general-block,Blocked External,xxQ7dpvL7pPX1wOS,block,global,Blocked,All (Global)
n8n-nodes-base.pipedriveTrigger,general-block,Blocked External,xxQ7dpvL7pPX1wOS,block,global,Blocked,All (Global)
n8n-nodes-base.plivo,general-block,Blocked External,xxQ7dpvL7pPX1wOS,block,global,Blocked,All (Global)
n8n-nodes-base.plivoTool,general-block,Blocked External,xxQ7dpvL7pPX1wOS,block,global,Blocked,All (Global)
n8n-nodes-base.postBin,general-block,Blocked External,xxQ7dpvL7pPX1wOS,block,global,Blocked,All (Global)
n8n-nodes-base.postBinTool,general-block,Blocked External,xxQ7dpvL7pPX1wOS,block,global,Blocked,All (Global)
n8n-nodes-base.postgres,core-essential,Core Essential,NnSLNvhrasoOU2hB,allow,global,Allowed,All (Global)
n8n-nodes-base.postgresTool,core-essential,Core Essential,NnSLNvhrasoOU2hB,allow,global,Allowed,All (Global)
n8n-nodes-base.postgresTrigger,core-essential,Core Essential,NnSLNvhrasoOU2hB,allow,global,Allowed,All (Global)
n8n-nodes-base.postHog,general-block,Blocked External,xxQ7dpvL7pPX1wOS,block,global,Blocked,All (Global)
n8n-nodes-base.postHogTool,general-block,Blocked External,xxQ7dpvL7pPX1wOS,block,global,Blocked,All (Global)
n8n-nodes-base.postmarkTrigger,general-block,Blocked External,xxQ7dpvL7pPX1wOS,block,global,Blocked,All (Global)
n8n-nodes-base.profitWell,general-block,Blocked External,xxQ7dpvL7pPX1wOS,block,global,Blocked,All (Global)
n8n-nodes-base.profitWellTool,general-block,Blocked External,xxQ7dpvL7pPX1wOS,block,global,Blocked,All (Global)
n8n-nodes-base.pushbullet,general-block,Blocked External,xxQ7dpvL7pPX1wOS,block,global,Blocked,All (Global)
n8n-nodes-base.pushbulletTool,general-block,Blocked External,xxQ7dpvL7pPX1wOS,block,global,Blocked,All (Global)
n8n-nodes-base.pushcut,general-block,Blocked External,xxQ7dpvL7pPX1wOS,block,global,Blocked,All (Global)
n8n-nodes-base.pushcutTool,general-block,Blocked External,xxQ7dpvL7pPX1wOS,block,global,Blocked,All (Global)
n8n-nodes-base.pushcutTrigger,general-block,Blocked External,xxQ7dpvL7pPX1wOS,block,global,Blocked,All (Global)
n8n-nodes-base.pushover,general-block,Blocked External,xxQ7dpvL7pPX1wOS,block,global,Blocked,All (Global)
n8n-nodes-base.pushoverTool,general-block,Blocked External,xxQ7dpvL7pPX1wOS,block,global,Blocked,All (Global)
n8n-nodes-base.questDb,general-block,Blocked External,xxQ7dpvL7pPX1wOS,block,global,Blocked,All (Global)
n8n-nodes-base.questDbTool,general-block,Blocked External,xxQ7dpvL7pPX1wOS,block,global,Blocked,All (Global)
n8n-nodes-base.quickbase,general-block,Blocked External,xxQ7dpvL7pPX1wOS,block,global,Blocked,All (Global)
n8n-nodes-base.quickbaseTool,general-block,Blocked External,xxQ7dpvL7pPX1wOS,block,global,Blocked,All (Global)
n8n-nodes-base.quickbooks,general-block,Blocked External,xxQ7dpvL7pPX1wOS,block,global,Blocked,All (Global)
n8n-nodes-base.quickbooksTool,general-block,Blocked External,xxQ7dpvL7pPX1wOS,block,global,Blocked,All (Global)
n8n-nodes-base.quickChart,general-block,Blocked External,xxQ7dpvL7pPX1wOS,block,global,Blocked,All (Global)
n8n-nodes-base.quickChartTool,general-block,Blocked External,xxQ7dpvL7pPX1wOS,block,global,Blocked,All (Global)
n8n-nodes-base.rabbitmq,core-essential,Core Essential,NnSLNvhrasoOU2hB,allow,global,Allowed,All (Global)
n8n-nodes-base.rabbitmqTool,core-essential,Core Essential,NnSLNvhrasoOU2hB,allow,global,Allowed,All (Global)
n8n-nodes-base.rabbitmqTrigger,core-essential,Core Essential,NnSLNvhrasoOU2hB,allow,global,Allowed,All (Global)
n8n-nodes-base.raindrop,general-block,Blocked External,xxQ7dpvL7pPX1wOS,block,global,Blocked,All (Global)
n8n-nodes-base.raindropTool,general-block,Blocked External,xxQ7dpvL7pPX1wOS,block,global,Blocked,All (Global)
n8n-nodes-base.readBinaryFile,core-essential,Core Essential,NnSLNvhrasoOU2hB,allow,global,Allowed,All (Global)
n8n-nodes-base.readBinaryFiles,core-essential,Core Essential,NnSLNvhrasoOU2hB,allow,global,Allowed,All (Global)
n8n-nodes-base.readPDF,core-essential,Core Essential,NnSLNvhrasoOU2hB,allow,global,Allowed,All (Global)
n8n-nodes-base.readWriteFile,core-essential,Core Essential,NnSLNvhrasoOU2hB,allow,global,Allowed,All (Global)
n8n-nodes-base.reddit,social-media,Social Media,pTYLrevZne6wDsl5,block,global,Blocked,All (Global)
n8n-nodes-base.redditTool,social-media,Social Media,pTYLrevZne6wDsl5,block,global,Blocked,All (Global)
n8n-nodes-base.redis,core-essential,Core Essential,NnSLNvhrasoOU2hB,allow,global,Allowed,All (Global)
n8n-nodes-base.redisTool,core-essential,Core Essential,NnSLNvhrasoOU2hB,allow,global,Allowed,All (Global)
n8n-nodes-base.redisTrigger,core-essential,Core Essential,NnSLNvhrasoOU2hB,allow,global,Allowed,All (Global)
n8n-nodes-base.removeDuplicates,core-essential,Core Essential,NnSLNvhrasoOU2hB,allow,global,Allowed,All (Global)
n8n-nodes-base.renameKeys,core-essential,Core Essential,NnSLNvhrasoOU2hB,allow,global,Allowed,All (Global)
n8n-nodes-base.respondToWebhook,core-essential,Core Essential,NnSLNvhrasoOU2hB,allow,global,Allowed,All (Global)
n8n-nodes-base.rocketchat,general-block,Blocked External,xxQ7dpvL7pPX1wOS,block,global,Blocked,All (Global)
n8n-nodes-base.rocketchatTool,general-block,Blocked External,xxQ7dpvL7pPX1wOS,block,global,Blocked,All (Global)
n8n-nodes-base.rssFeedRead,general-block,Blocked External,xxQ7dpvL7pPX1wOS,block,global,Blocked,All (Global)
n8n-nodes-base.rssFeedReadTool,general-block,Blocked External,xxQ7dpvL7pPX1wOS,block,global,Blocked,All (Global)
n8n-nodes-base.rssFeedReadTrigger,general-block,Blocked External,xxQ7dpvL7pPX1wOS,block,global,Blocked,All (Global)
n8n-nodes-base.rundeck,general-block,Blocked External,xxQ7dpvL7pPX1wOS,block,global,Blocked,All (Global)
n8n-nodes-base.rundeckTool,general-block,Blocked External,xxQ7dpvL7pPX1wOS,block,global,Blocked,All (Global)
n8n-nodes-base.s3,aws-external,AWS,GJJfbM5jylNYBGtt,allow,global,Allowed,All (Global)
n8n-nodes-base.s3Tool,aws-external,AWS,GJJfbM5jylNYBGtt,allow,global,Allowed,All (Global)
n8n-nodes-base.salesforce,core-essential,Core Essential,NnSLNvhrasoOU2hB,allow,global,Allowed,All (Global)
n8n-nodes-base.salesforceTool,core-essential,Core Essential,NnSLNvhrasoOU2hB,allow,global,Allowed,All (Global)
n8n-nodes-base.salesforceTrigger,core-essential,Core Essential,NnSLNvhrasoOU2hB,allow,global,Allowed,All (Global)
n8n-nodes-base.salesmate,general-block,Blocked External,xxQ7dpvL7pPX1wOS,block,global,Blocked,All (Global)
n8n-nodes-base.salesmateTool,general-block,Blocked External,xxQ7dpvL7pPX1wOS,block,global,Blocked,All (Global)
n8n-nodes-base.scheduleTrigger,core-essential,Core Essential,NnSLNvhrasoOU2hB,allow,global,Allowed,All (Global)
n8n-nodes-base.seaTable,general-block,Blocked External,xxQ7dpvL7pPX1wOS,block,global,Blocked,All (Global)
n8n-nodes-base.seaTableTool,general-block,Blocked External,xxQ7dpvL7pPX1wOS,block,global,Blocked,All (Global)
n8n-nodes-base.seaTableTrigger,general-block,Blocked External,xxQ7dpvL7pPX1wOS,block,global,Blocked,All (Global)
n8n-nodes-base.securityScorecard,general-block,Blocked External,xxQ7dpvL7pPX1wOS,block,global,Blocked,All (Global)
n8n-nodes-base.securityScorecardTool,general-block,Blocked External,xxQ7dpvL7pPX1wOS,block,global,Blocked,All (Global)
n8n-nodes-base.segment,general-block,Blocked External,xxQ7dpvL7pPX1wOS,block,global,Blocked,All (Global)
n8n-nodes-base.segmentTool,general-block,Blocked External,xxQ7dpvL7pPX1wOS,block,global,Blocked,All (Global)
n8n-nodes-base.sendGrid,general-block,Blocked External,xxQ7dpvL7pPX1wOS,block,global,Blocked,All (Global)
n8n-nodes-base.sendGridTool,general-block,Blocked External,xxQ7dpvL7pPX1wOS,block,global,Blocked,All (Global)
n8n-nodes-base.sendInBlue,general-block,Blocked External,xxQ7dpvL7pPX1wOS,block,global,Blocked,All (Global)
n8n-nodes-base.sendInBlueTool,general-block,Blocked External,xxQ7dpvL7pPX1wOS,block,global,Blocked,All (Global)
n8n-nodes-base.sendInBlueTrigger,general-block,Blocked External,xxQ7dpvL7pPX1wOS,block,global,Blocked,All (Global)
n8n-nodes-base.sendy,general-block,Blocked External,xxQ7dpvL7pPX1wOS,block,global,Blocked,All (Global)
n8n-nodes-base.sendyTool,general-block,Blocked External,xxQ7dpvL7pPX1wOS,block,global,Blocked,All (Global)
n8n-nodes-base.sentryIo,general-block,Blocked External,xxQ7dpvL7pPX1wOS,block,global,Blocked,All (Global)
n8n-nodes-base.sentryIoTool,general-block,Blocked External,xxQ7dpvL7pPX1wOS,block,global,Blocked,All (Global)
n8n-nodes-base.serviceNow,core-essential,Core Essential,NnSLNvhrasoOU2hB,allow,global,Allowed,All (Global)
n8n-nodes-base.serviceNowTool,core-essential,Core Essential,NnSLNvhrasoOU2hB,allow,global,Allowed,All (Global)
n8n-nodes-base.set,core-essential,Core Essential,NnSLNvhrasoOU2hB,allow,global,Allowed,All (Global)
n8n-nodes-base.shopify,general-block,Blocked External,xxQ7dpvL7pPX1wOS,block,global,Blocked,All (Global)
n8n-nodes-base.shopifyTool,general-block,Blocked External,xxQ7dpvL7pPX1wOS,block,global,Blocked,All (Global)
n8n-nodes-base.shopifyTrigger,general-block,Blocked External,xxQ7dpvL7pPX1wOS,block,global,Blocked,All (Global)
n8n-nodes-base.signl4,general-block,Blocked External,xxQ7dpvL7pPX1wOS,block,global,Blocked,All (Global)
n8n-nodes-base.signl4Tool,general-block,Blocked External,xxQ7dpvL7pPX1wOS,block,global,Blocked,All (Global)
n8n-nodes-base.simulate,core-essential,Core Essential,NnSLNvhrasoOU2hB,allow,global,Allowed,All (Global)
n8n-nodes-base.simulateTrigger,core-essential,Core Essential,NnSLNvhrasoOU2hB,allow,global,Allowed,All (Global)
n8n-nodes-base.slack,social-media,Social Media,pTYLrevZne6wDsl5,block,global,Blocked,All (Global)
n8n-nodes-base.slackTool,general-block,Blocked External,xxQ7dpvL7pPX1wOS,block,global,Blocked,All (Global)
n8n-nodes-base.slackTrigger,social-media,Social Media,pTYLrevZne6wDsl5,block,global,Blocked,All (Global)
n8n-nodes-base.sms77,general-block,Blocked External,xxQ7dpvL7pPX1wOS,block,global,Blocked,All (Global)
n8n-nodes-base.sms77Tool,general-block,Blocked External,xxQ7dpvL7pPX1wOS,block,global,Blocked,All (Global)
n8n-nodes-base.snowflake,core-essential,Core Essential,NnSLNvhrasoOU2hB,allow,global,Allowed,All (Global)
n8n-nodes-base.snowflakeTool,core-essential,Core Essential,NnSLNvhrasoOU2hB,allow,global,Allowed,All (Global)
n8n-nodes-base.sort,core-essential,Core Essential,NnSLNvhrasoOU2hB,allow,global,Allowed,All (Global)
n8n-nodes-base.splitInBatches,core-essential,Core Essential,NnSLNvhrasoOU2hB,allow,global,Allowed,All (Global)
n8n-nodes-base.splitOut,core-essential,Core Essential,NnSLNvhrasoOU2hB,allow,global,Allowed,All (Global)
n8n-nodes-base.splunk,core-essential,Core Essential,NnSLNvhrasoOU2hB,allow,global,Allowed,All (Global)
n8n-nodes-base.splunkTool,core-essential,Core Essential,NnSLNvhrasoOU2hB,allow,global,Allowed,All (Global)
n8n-nodes-base.spotify,general-block,Blocked External,xxQ7dpvL7pPX1wOS,block,global,Blocked,All (Global)
n8n-nodes-base.spotifyTool,general-block,Blocked External,xxQ7dpvL7pPX1wOS,block,global,Blocked,All (Global)
n8n-nodes-base.spreadsheetFile,core-essential,Core Essential,NnSLNvhrasoOU2hB,allow,global,Allowed,All (Global)
n8n-nodes-base.sseTrigger,core-essential,Core Essential,NnSLNvhrasoOU2hB,allow,global,Allowed,All (Global)
n8n-nodes-base.ssh,core-essential,Core Essential,NnSLNvhrasoOU2hB,allow,global,Allowed,All (Global)
n8n-nodes-base.stackby,general-block,Blocked External,xxQ7dpvL7pPX1wOS,block,global,Blocked,All (Global)
n8n-nodes-base.stackbyTool,general-block,Blocked External,xxQ7dpvL7pPX1wOS,block,global,Blocked,All (Global)
n8n-nodes-base.stickyNote,general-block,Blocked External,xxQ7dpvL7pPX1wOS,block,global,Blocked,All (Global)
n8n-nodes-base.stopAndError,core-essential,Core Essential,NnSLNvhrasoOU2hB,allow,global,Allowed,All (Global)
n8n-nodes-base.storyblok,general-block,Blocked External,xxQ7dpvL7pPX1wOS,block,global,Blocked,All (Global)
n8n-nodes-base.storyblokTool,general-block,Blocked External,xxQ7dpvL7pPX1wOS,block,global,Blocked,All (Global)
n8n-nodes-base.strapi,general-block,Blocked External,xxQ7dpvL7pPX1wOS,block,global,Blocked,All (Global)
n8n-nodes-base.strapiTool,general-block,Blocked External,xxQ7dpvL7pPX1wOS,block,global,Blocked,All (Global)
n8n-nodes-base.strava,general-block,Blocked External,xxQ7dpvL7pPX1wOS,block,global,Blocked,All (Global)
n8n-nodes-base.stravaTool,general-block,Blocked External,xxQ7dpvL7pPX1wOS,block,global,Blocked,All (Global)
n8n-nodes-base.stravaTrigger,general-block,Blocked External,xxQ7dpvL7pPX1wOS,block,global,Blocked,All (Global)
n8n-nodes-base.stripe,general-block,Blocked External,xxQ7dpvL7pPX1wOS,block,global,Blocked,All (Global)
n8n-nodes-base.stripeTool,general-block,Blocked External,xxQ7dpvL7pPX1wOS,block,global,Blocked,All (Global)
n8n-nodes-base.stripeTrigger,general-block,Blocked External,xxQ7dpvL7pPX1wOS,block,global,Blocked,All (Global)
n8n-nodes-base.summarize,core-essential,Core Essential,NnSLNvhrasoOU2hB,allow,global,Allowed,All (Global)
n8n-nodes-base.supabase,core-essential,Core Essential,NnSLNvhrasoOU2hB,allow,global,Allowed,All (Global)
n8n-nodes-base.supabaseTool,core-essential,Core Essential,NnSLNvhrasoOU2hB,allow,global,Allowed,All (Global)
n8n-nodes-base.surveyMonkeyTrigger,core-essential,Core Essential,NnSLNvhrasoOU2hB,allow,global,Allowed,All (Global)
n8n-nodes-base.switch,core-essential,Core Essential,NnSLNvhrasoOU2hB,allow,global,Allowed,All (Global)
n8n-nodes-base.syncroMsp,general-block,Blocked External,xxQ7dpvL7pPX1wOS,block,global,Blocked,All (Global)
n8n-nodes-base.syncroMspTool,general-block,Blocked External,xxQ7dpvL7pPX1wOS,block,global,Blocked,All (Global)
n8n-nodes-base.taiga,general-block,Blocked External,xxQ7dpvL7pPX1wOS,block,global,Blocked,All (Global)
n8n-nodes-base.taigaTool,general-block,Blocked External,xxQ7dpvL7pPX1wOS,block,global,Blocked,All (Global)
n8n-nodes-base.taigaTrigger,general-block,Blocked External,xxQ7dpvL7pPX1wOS,block,global,Blocked,All (Global)
n8n-nodes-base.tapfiliate,general-block,Blocked External,xxQ7dpvL7pPX1wOS,block,global,Blocked,All (Global)
n8n-nodes-base.tapfiliateTool,general-block,Blocked External,xxQ7dpvL7pPX1wOS,block,global,Blocked,All (Global)
n8n-nodes-base.telegram,social-media,Social Media,pTYLrevZne6wDsl5,block,global,Blocked,All (Global)
n8n-nodes-base.telegramTool,social-media,Social Media,pTYLrevZne6wDsl5,block,global,Blocked,All (Global)
n8n-nodes-base.telegramTrigger,social-media,Social Media,pTYLrevZne6wDsl5,block,global,Blocked,All (Global)
n8n-nodes-base.theHive,general-block,Blocked External,xxQ7dpvL7pPX1wOS,block,global,Blocked,All (Global)
n8n-nodes-base.theHiveProject,general-block,Blocked External,xxQ7dpvL7pPX1wOS,block,global,Blocked,All (Global)
n8n-nodes-base.theHiveProjectTool,general-block,Blocked External,xxQ7dpvL7pPX1wOS,block,global,Blocked,All (Global)
n8n-nodes-base.theHiveProjectTrigger,general-block,Blocked External,xxQ7dpvL7pPX1wOS,block,global,Blocked,All (Global)
n8n-nodes-base.theHiveTool,general-block,Blocked External,xxQ7dpvL7pPX1wOS,block,global,Blocked,All (Global)
n8n-nodes-base.theHiveTrigger,general-block,Blocked External,xxQ7dpvL7pPX1wOS,block,global,Blocked,All (Global)
n8n-nodes-base.timeSaved,core-essential,Core Essential,NnSLNvhrasoOU2hB,allow,global,Allowed,All (Global)
n8n-nodes-base.timescaleDb,general-block,Blocked External,xxQ7dpvL7pPX1wOS,block,global,Blocked,All (Global)
n8n-nodes-base.timescaleDbTool,general-block,Blocked External,xxQ7dpvL7pPX1wOS,block,global,Blocked,All (Global)
n8n-nodes-base.todoist,general-block,Blocked External,xxQ7dpvL7pPX1wOS,block,global,Blocked,All (Global)
n8n-nodes-base.todoistTool,general-block,Blocked External,xxQ7dpvL7pPX1wOS,block,global,Blocked,All (Global)
n8n-nodes-base.togglTrigger,general-block,Blocked External,xxQ7dpvL7pPX1wOS,block,global,Blocked,All (Global)
n8n-nodes-base.totp,general-block,Blocked External,xxQ7dpvL7pPX1wOS,block,global,Blocked,All (Global)
n8n-nodes-base.totpTool,general-block,Blocked External,xxQ7dpvL7pPX1wOS,block,global,Blocked,All (Global)
n8n-nodes-base.travisCi,general-block,Blocked External,xxQ7dpvL7pPX1wOS,block,global,Blocked,All (Global)
n8n-nodes-base.travisCiTool,general-block,Blocked External,xxQ7dpvL7pPX1wOS,block,global,Blocked,All (Global)
n8n-nodes-base.trello,general-block,Blocked External,xxQ7dpvL7pPX1wOS,block,global,Blocked,All (Global)
n8n-nodes-base.trelloTool,general-block,Blocked External,xxQ7dpvL7pPX1wOS,block,global,Blocked,All (Global)
n8n-nodes-base.trelloTrigger,general-block,Blocked External,xxQ7dpvL7pPX1wOS,block,global,Blocked,All (Global)
n8n-nodes-base.twake,general-block,Blocked External,xxQ7dpvL7pPX1wOS,block,global,Blocked,All (Global)
n8n-nodes-base.twakeTool,general-block,Blocked External,xxQ7dpvL7pPX1wOS,block,global,Blocked,All (Global)
n8n-nodes-base.twilio,general-block,Blocked External,xxQ7dpvL7pPX1wOS,block,global,Blocked,All (Global)
n8n-nodes-base.twilioTool,general-block,Blocked External,xxQ7dpvL7pPX1wOS,block,global,Blocked,All (Global)
n8n-nodes-base.twilioTrigger,general-block,Blocked External,xxQ7dpvL7pPX1wOS,block,global,Blocked,All (Global)
n8n-nodes-base.twist,general-block,Blocked External,xxQ7dpvL7pPX1wOS,block,global,Blocked,All (Global)
n8n-nodes-base.twistTool,general-block,Blocked External,xxQ7dpvL7pPX1wOS,block,global,Blocked,All (Global)
n8n-nodes-base.twitter,social-media,Social Media,pTYLrevZne6wDsl5,block,global,Blocked,All (Global)
n8n-nodes-base.twitterTool,social-media,Social Media,pTYLrevZne6wDsl5,block,global,Blocked,All (Global)
n8n-nodes-base.typeformTrigger,general-block,Blocked External,xxQ7dpvL7pPX1wOS,block,global,Blocked,All (Global)
n8n-nodes-base.unleashedSoftware,general-block,Blocked External,xxQ7dpvL7pPX1wOS,block,global,Blocked,All (Global)
n8n-nodes-base.unleashedSoftwareTool,general-block,Blocked External,xxQ7dpvL7pPX1wOS,block,global,Blocked,All (Global)
n8n-nodes-base.uplead,general-block,Blocked External,xxQ7dpvL7pPX1wOS,block,global,Blocked,All (Global)
n8n-nodes-base.upleadTool,general-block,Blocked External,xxQ7dpvL7pPX1wOS,block,global,Blocked,All (Global)
n8n-nodes-base.uproc,general-block,Blocked External,xxQ7dpvL7pPX1wOS,block,global,Blocked,All (Global)
n8n-nodes-base.uprocTool,general-block,Blocked External,xxQ7dpvL7pPX1wOS,block,global,Blocked,All (Global)
n8n-nodes-base.uptimeRobot,general-block,Blocked External,xxQ7dpvL7pPX1wOS,block,global,Blocked,All (Global)
n8n-nodes-base.uptimeRobotTool,general-block,Blocked External,xxQ7dpvL7pPX1wOS,block,global,Blocked,All (Global)
n8n-nodes-base.urlScanIo,general-block,Blocked External,xxQ7dpvL7pPX1wOS,block,global,Blocked,All (Global)
n8n-nodes-base.urlScanIoTool,general-block,Blocked External,xxQ7dpvL7pPX1wOS,block,global,Blocked,All (Global)
n8n-nodes-base.venafiTlsProtectCloud,general-block,Blocked External,xxQ7dpvL7pPX1wOS,block,global,Blocked,All (Global)
n8n-nodes-base.venafiTlsProtectCloudTool,general-block,Blocked External,xxQ7dpvL7pPX1wOS,block,global,Blocked,All (Global)
n8n-nodes-base.venafiTlsProtectCloudTrigger,general-block,Blocked External,xxQ7dpvL7pPX1wOS,block,global,Blocked,All (Global)
n8n-nodes-base.venafiTlsProtectDatacenter,general-block,Blocked External,xxQ7dpvL7pPX1wOS,block,global,Blocked,All (Global)
n8n-nodes-base.venafiTlsProtectDatacenterTool,general-block,Blocked External,xxQ7dpvL7pPX1wOS,block,global,Blocked,All (Global)
n8n-nodes-base.vero,general-block,Blocked External,xxQ7dpvL7pPX1wOS,block,global,Blocked,All (Global)
n8n-nodes-base.veroTool,general-block,Blocked External,xxQ7dpvL7pPX1wOS,block,global,Blocked,All (Global)
n8n-nodes-base.vonage,general-block,Blocked External,xxQ7dpvL7pPX1wOS,block,global,Blocked,All (Global)
n8n-nodes-base.vonageTool,general-block,Blocked External,xxQ7dpvL7pPX1wOS,block,global,Blocked,All (Global)
n8n-nodes-base.wait,core-essential,Core Essential,NnSLNvhrasoOU2hB,allow,global,Allowed,All (Global)
n8n-nodes-base.webflow,general-block,Blocked External,xxQ7dpvL7pPX1wOS,block,global,Blocked,All (Global)
n8n-nodes-base.webflowTool,general-block,Blocked External,xxQ7dpvL7pPX1wOS,block,global,Blocked,All (Global)
n8n-nodes-base.webflowTrigger,general-block,Blocked External,xxQ7dpvL7pPX1wOS,block,global,Blocked,All (Global)
n8n-nodes-base.webhook,core-essential,Core Essential,NnSLNvhrasoOU2hB,allow,global,Allowed,All (Global)
n8n-nodes-base.wekan,general-block,Blocked External,xxQ7dpvL7pPX1wOS,block,global,Blocked,All (Global)
n8n-nodes-base.wekanTool,general-block,Blocked External,xxQ7dpvL7pPX1wOS,block,global,Blocked,All (Global)
n8n-nodes-base.whatsApp,social-media,Social Media,pTYLrevZne6wDsl5,block,global,Blocked,All (Global)
n8n-nodes-base.whatsAppTool,social-media,Social Media,pTYLrevZne6wDsl5,block,global,Blocked,All (Global)
n8n-nodes-base.whatsAppTrigger,social-media,Social Media,pTYLrevZne6wDsl5,block,global,Blocked,All (Global)
n8n-nodes-base.wise,general-block,Blocked External,xxQ7dpvL7pPX1wOS,block,global,Blocked,All (Global)
n8n-nodes-base.wiseTrigger,general-block,Blocked External,xxQ7dpvL7pPX1wOS,block,global,Blocked,All (Global)
n8n-nodes-base.wooCommerce,general-block,Blocked External,xxQ7dpvL7pPX1wOS,block,global,Blocked,All (Global)
n8n-nodes-base.wooCommerceTool,general-block,Blocked External,xxQ7dpvL7pPX1wOS,block,global,Blocked,All (Global)
n8n-nodes-base.wooCommerceTrigger,general-block,Blocked External,xxQ7dpvL7pPX1wOS,block,global,Blocked,All (Global)
n8n-nodes-base.wordpress,general-block,Blocked External,xxQ7dpvL7pPX1wOS,block,global,Blocked,All (Global)
n8n-nodes-base.wordpressTool,general-block,Blocked External,xxQ7dpvL7pPX1wOS,block,global,Blocked,All (Global)
n8n-nodes-base.workableTrigger,general-block,Blocked External,xxQ7dpvL7pPX1wOS,block,global,Blocked,All (Global)
n8n-nodes-base.workflowTrigger,core-essential,Core Essential,NnSLNvhrasoOU2hB,allow,global,Allowed,All (Global)
n8n-nodes-base.writeBinaryFile,core-essential,Core Essential,NnSLNvhrasoOU2hB,allow,global,Allowed,All (Global)
n8n-nodes-base.wufooTrigger,general-block,Blocked External,xxQ7dpvL7pPX1wOS,block,global,Blocked,All (Global)
n8n-nodes-base.xero,general-block,Blocked External,xxQ7dpvL7pPX1wOS,block,global,Blocked,All (Global)
n8n-nodes-base.xeroTool,general-block,Blocked External,xxQ7dpvL7pPX1wOS,block,global,Blocked,All (Global)
n8n-nodes-base.xml,core-essential,Core Essential,NnSLNvhrasoOU2hB,allow,global,Allowed,All (Global)
n8n-nodes-base.yourls,general-block,Blocked External,xxQ7dpvL7pPX1wOS,block,global,Blocked,All (Global)
n8n-nodes-base.yourlsTool,general-block,Blocked External,xxQ7dpvL7pPX1wOS,block,global,Blocked,All (Global)
n8n-nodes-base.youTube,social-media,Social Media,pTYLrevZne6wDsl5,block,global,Blocked,All (Global)
n8n-nodes-base.youTubeTool,social-media,Social Media,pTYLrevZne6wDsl5,block,global,Blocked,All (Global)
n8n-nodes-base.zammad,general-block,Blocked External,xxQ7dpvL7pPX1wOS,block,global,Blocked,All (Global)
n8n-nodes-base.zammadTool,general-block,Blocked External,xxQ7dpvL7pPX1wOS,block,global,Blocked,All (Global)
n8n-nodes-base.zendesk,general-block,Blocked External,xxQ7dpvL7pPX1wOS,block,global,Blocked,All (Global)
n8n-nodes-base.zendeskTool,general-block,Blocked External,xxQ7dpvL7pPX1wOS,block,global,Blocked,All (Global)
n8n-nodes-base.zendeskTrigger,general-block,Blocked External,xxQ7dpvL7pPX1wOS,block,global,Blocked,All (Global)
n8n-nodes-base.zohoCrm,general-block,Blocked External,xxQ7dpvL7pPX1wOS,block,global,Blocked,All (Global)
n8n-nodes-base.zohoCrmTool,general-block,Blocked External,xxQ7dpvL7pPX1wOS,block,global,Blocked,All (Global)
n8n-nodes-base.zoom,social-media,Social Media,pTYLrevZne6wDsl5,block,global,Blocked,All (Global)
n8n-nodes-base.zoomTool,social-media,Social Media,pTYLrevZne6wDsl5,block,global,Blocked,All (Global)
n8n-nodes-base.zulip,general-block,Blocked External,xxQ7dpvL7pPX1wOS,block,global,Blocked,All (Global)
n8n-nodes-base.zulipTool,general-block,Blocked External,xxQ7dpvL7pPX1wOS,block,global,Blocked,All (Global)
n8n-nodes-hashi-vault.hashiCorpVault,"",(Unassigned),"",default,"",Allowed (Default),All
